"address","assets","result","power"
"0x23639ea97561ec691695d98fd19e8a95d588452e","{""TOKAU"":""0"",""BUSD"":""0"",""BUSD-T"":""3000""}","{""hit4"":0,""hit3"":8,""hit2"":211,""hit1"":930,""hit0"":851}",1846
"0xdb432d0aa38ddd4ecc0d9e2b41433a284ba1d14b","{""TOKAU"":""0"",""BUSD"":""0"",""BUSD-T"":""1000""}","{""hit4"":0,""hit3"":5,""hit2"":128,""hit1"":453,""hit0"":414}",1010
"0x631fc1ea2270e98fbd9d92658ece0f5a269aa161","{""TOKAU"":""0"",""BUSD"":""0"",""BUSD-T"":""1009""}","{""hit4"":0,""hit3"":6,""hit2"":116,""hit1"":466,""hit0"":416}",984
"0x27a7f6fca0431c02c3c5fb6116ff019a25be526d","{""TOKAU"":""0"",""BUSD"":""0"",""BUSD-T"":""999""}","{""hit4"":0,""hit3"":3,""hit2"":112,""hit1"":439,""hit0"":445}",914
"0xf40565aebcd5d6fac69d892b328e2287b4cdfc68","{""TOKAU"":""0"",""BUSD"":""0"",""BUSD-T"":""750""}","{""hit4"":0,""hit3"":3,""hit2"":77,""hit1"":333,""hit0"":337}",668
"0x118fe9d1dc8efa98f3bf41618d9a3d7f049a61b1","{""TOKAU"":""1563000000"",""BUSD"":""0"",""BUSD-T"":""0""}","{""hit4"":0,""hit3"":3,""hit2"":49,""hit1"":214,""hit0"":255}",437
"0x278ab5fc4330f969091cce26564ee7eb4e62ae6b","{""TOKAU"":""30000000"",""BUSD"":""0"",""BUSD-T"":""262""}","{""hit4"":0,""hit3"":2,""hit2"":34,""hit1"":118,""hit0"":118}",272
"0xdf7f99cae4cdc8d6cf652aeadce2ccbd6015f5da","{""TOKAU"":""0"",""BUSD"":""0"",""BUSD-T"":""300""}","{""hit4"":0,""hit3"":1,""hit2"":29,""hit1"":138,""hit0"":132}",263
"0x713e26f096ed77f01cc7e418dc831262e8ab700d","{""TOKAU"":""300000000"",""BUSD"":""0"",""BUSD-T"":""75""}","{""hit4"":0,""hit3"":2,""hit2"":22,""hit1"":70,""hit0"":81}",176
"0xb2025c2ded0989d58eba57065e0d55a97e6f1295","{""TOKAU"":""641909514"",""BUSD"":""0"",""BUSD-T"":""0""}","{""hit4"":0,""hit3"":2,""hit2"":16,""hit1"":89,""hit0"":106}",171
"0xdcfb55c69eb40d86e628d6c01b1e9cb6db49a1ba","{""TOKAU"":""400000000"",""BUSD"":""0"",""BUSD-T"":""0""}","{""hit4"":0,""hit3"":1,""hit2"":12,""hit1"":64,""hit0"":56}",121
"0x2f78e5a5307850b383c6dc9a75a7a826c0a32481","{""TOKAU"":""300000000"",""BUSD"":""0"",""BUSD-T"":""0""}","{""hit4"":0,""hit3"":0,""hit2"":15,""hit1"":45,""hit0"":40}",105
"0x67f9815a32375c900952c3878b79b6772e408940","{""TOKAU"":""300000000"",""BUSD"":""0"",""BUSD-T"":""0""}","{""hit4"":0,""hit3"":0,""hit2"":12,""hit1"":49,""hit0"":39}",97
"0x61639272afef4af5c6dc13b370ffc7c11c04dabb","{""TOKAU"":""0"",""BUSD"":""0"",""BUSD-T"":""100""}","{""hit4"":0,""hit3"":1,""hit2"":8,""hit1"":48,""hit0"":43}",89
"0xb2a63f09aca8ffc641161209667bde6e48469434","{""TOKAU"":""300000000"",""BUSD"":""0"",""BUSD-T"":""0""}","{""hit4"":0,""hit3"":0,""hit2"":10,""hit1"":46,""hit0"":44}",86
"0x15f5ef980dbd94c32450a2fd25bf42844315f5fa","{""TOKAU"":""0"",""BUSD"":""0"",""BUSD-T"":""100""}","{""hit4"":0,""hit3"":0,""hit2"":9,""hit1"":50,""hit0"":41}",86
"0xbed1e379509dccb01e40d10824caca1d8686c80a","{""TOKAU"":""300000000"",""BUSD"":""0"",""BUSD-T"":""0""}","{""hit4"":0,""hit3"":0,""hit2"":10,""hit1"":44,""hit0"":46}",84
"0x2855eb1d3fcc5e01877278a4d5574b3556d1a33f","{""TOKAU"":""0"",""BUSD"":""0"",""BUSD-T"":""99""}","{""hit4"":0,""hit3"":0,""hit2"":11,""hit1"":38,""hit0"":50}",82
"0x2ba73bb9fe852876baf1a897bd6b1caaeba79093","{""TOKAU"":""135000000"",""BUSD"":""0"",""BUSD-T"":""0""}","{""hit4"":0,""hit3"":1,""hit2"":8,""hit1"":19,""hit0"":17}",60
"0x3a21d4ceb4b2d78af8a99dc9b6731b6949c7fe44","{""TOKAU"":""177000000"",""BUSD"":""0"",""BUSD-T"":""0""}","{""hit4"":0,""hit3"":1,""hit2"":7,""hit1"":23,""hit0"":28}",60
"0x2107b66fc0bda0cd0888edffbc1eb0e4d25a55ba","{""TOKAU"":""0"",""BUSD"":""0"",""BUSD-T"":""50""}","{""hit4"":0,""hit3"":0,""hit2"":7,""hit1"":30,""hit0"":13}",58
"0xe5078f5598d59e9f0c608b78d1b88863b1e3f5f0","{""TOKAU"":""0"",""BUSD"":""0"",""BUSD-T"":""62""}","{""hit4"":0,""hit3"":1,""hit2"":3,""hit1"":32,""hit0"":26}",53
"0x2fd5aaa10a341a8316a7a75c32613a726d22a180","{""TOKAU"":""0"",""BUSD"":""0"",""BUSD-T"":""52""}","{""hit4"":0,""hit3"":0,""hit2"":7,""hit1"":18,""hit0"":27}",46
"0x8a9c88504b80ff254ad7ec280db4dfce4854785a","{""TOKAU"":""0"",""BUSD"":""0"",""BUSD-T"":""44""}","{""hit4"":0,""hit3"":0,""hit2"":7,""hit1"":17,""hit0"":20}",45
"0x31109d9be40b91e398e2213d162d61903411f284","{""TOKAU"":""0"",""BUSD"":""0"",""BUSD-T"":""38""}","{""hit4"":0,""hit3"":0,""hit2"":6,""hit1"":18,""hit0"":14}",42
"0x0e2b80e558cf0aa79f65fe2625a46821e46d5cc6","{""TOKAU"":""0"",""BUSD"":""0"",""BUSD-T"":""52""}","{""hit4"":0,""hit3"":0,""hit2"":6,""hit1"":17,""hit0"":29}",41
"0xf3eab2365c8689d7d429e9cf03c78b29f07907b1","{""TOKAU"":""0"",""BUSD"":""0"",""BUSD-T"":""50""}","{""hit4"":0,""hit3"":0,""hit2"":4,""hit1"":24,""hit0"":22}",40
"0xdd4417c5c422484b304bd1d097ee8c62a37e0981","{""TOKAU"":""113000000"",""BUSD"":""0"",""BUSD-T"":""2""}","{""hit4"":0,""hit3"":0,""hit2"":5,""hit1"":19,""hit0"":15}",39
"0x57ec970c59bd98a3bc591133b6b935e4cea413fb","{""TOKAU"":""63031347"",""BUSD"":""0"",""BUSD-T"":""0""}","{""hit4"":0,""hit3"":1,""hit2"":5,""hit1"":8,""hit0"":7}",37
"0x74fd6ada3a8d754d0ed8bd920dfaec0b5cc0ee07","{""TOKAU"":""101253585"",""BUSD"":""0"",""BUSD-T"":""0""}","{""hit4"":0,""hit3"":0,""hit2"":3,""hit1"":20,""hit0"":10}",32
"0x67d7ba6269c9cd2a74e6227b4b46dae5e5e28131","{""TOKAU"":""97147400"",""BUSD"":""0"",""BUSD-T"":""0""}","{""hit4"":0,""hit3"":0,""hit2"":4,""hit1"":15,""hit0"":13}",31
"0xc13e579aa5d9851f60d2f6e9c88b22fa3a0b1927","{""TOKAU"":""0"",""BUSD"":""0"",""BUSD-T"":""25""}","{""hit4"":0,""hit3"":0,""hit2"":4,""hit1"":14,""hit0"":7}",30
"0x0c5e4d76eb6410ca0f1e8a665701476a98809437","{""TOKAU"":""120000000"",""BUSD"":""0"",""BUSD-T"":""0""}","{""hit4"":0,""hit3"":0,""hit2"":2,""hit1"":20,""hit0"":18}",28
"0x7cb2dfd019df2179674499c99a26007e30fe8724","{""TOKAU"":""101894701"",""BUSD"":""0"",""BUSD-T"":""0""}","{""hit4"":0,""hit3"":0,""hit2"":3,""hit1"":16,""hit0"":14}",28
"0x50933c238c48e23b139752a1274e41d49c4389ec","{""TOKAU"":""0"",""BUSD"":""0"",""BUSD-T"":""30""}","{""hit4"":0,""hit3"":0,""hit2"":2,""hit1"":19,""hit0"":9}",27
"0xb6fea865e752b4f25b9f5ecf5ff9d849d5a5378d","{""TOKAU"":""100000000"",""BUSD"":""0"",""BUSD-T"":""0""}","{""hit4"":0,""hit3"":0,""hit2"":3,""hit1"":15,""hit0"":15}",27
"0x22668bc75dec80ce8ca07d1dd58eb796a3a5f72d","{""TOKAU"":""0"",""BUSD"":""0"",""BUSD-T"":""30""}","{""hit4"":0,""hit3"":0,""hit2"":3,""hit1"":14,""hit0"":13}",26
"0x5322e216a37898e603b9df2c0c43d7d866f1d880","{""TOKAU"":""35565900"",""BUSD"":""0"",""BUSD-T"":""0""}","{""hit4"":0,""hit3"":1,""hit2"":2,""hit1"":7,""hit0"":1}",24
"0x08a51064a290d3a952795d41f4a0ebdb3340d00e","{""TOKAU"":""60000000"",""BUSD"":""0"",""BUSD-T"":""0""}","{""hit4"":0,""hit3"":0,""hit2"":4,""hit1"":7,""hit0"":9}",23
"0xe2c262c8d1947680ce83270320a544fb42164849","{""TOKAU"":""0"",""BUSD"":""0"",""BUSD-T"":""20""}","{""hit4"":0,""hit3"":0,""hit2"":4,""hit1"":6,""hit0"":10}",22
"0x0038be7e25ec43c30ecd404aee512c48be23f89c","{""TOKAU"":""90000000"",""BUSD"":""0"",""BUSD-T"":""0""}","{""hit4"":0,""hit3"":0,""hit2"":3,""hit1"":8,""hit0"":19}",20
"0xb716c194a2224617834da6914797e1528002c039","{""TOKAU"":""10000000"",""BUSD"":""0"",""BUSD-T"":""20""}","{""hit4"":0,""hit3"":0,""hit2"":2,""hit1"":12,""hit0"":9}",20
"0xc93a72d2d9d9086830e4756397c34a0d5b507f34","{""TOKAU"":""76000000"",""BUSD"":""0"",""BUSD-T"":""0""}","{""hit4"":0,""hit3"":0,""hit2"":1,""hit1"":15,""hit0"":9}",19
"0x3eef4129bab65ecf338ed4616475fc0afe8c79a3","{""TOKAU"":""0"",""BUSD"":""0"",""BUSD-T"":""10""}","{""hit4"":0,""hit3"":0,""hit2"":4,""hit1"":3,""hit0"":3}",19
"0x73e9aeeef2d4455324661009ed2561489986be4e","{""TOKAU"":""0"",""BUSD"":""0"",""BUSD-T"":""10""}","{""hit4"":0,""hit3"":0,""hit2"":4,""hit1"":3,""hit0"":3}",19
"0xf45f4eb67238298253388e71a4856544b5269cbf","{""TOKAU"":""0"",""BUSD"":""0"",""BUSD-T"":""20""}","{""hit4"":0,""hit3"":0,""hit2"":1,""hit1"":14,""hit0"":5}",18
"0xe98e97dc93893305b9bcd7dc5d39a85097777777","{""TOKAU"":""30000000"",""BUSD"":""0"",""BUSD-T"":""0""}","{""hit4"":0,""hit3"":1,""hit2"":1,""hit1"":5,""hit0"":3}",18
"0xf38bc9c2d7477b0319a963ea09bfc96de09ede3e","{""TOKAU"":""0"",""BUSD"":""10"",""BUSD-T"":""0""}","{""hit4"":0,""hit3"":0,""hit2"":3,""hit1"":5,""hit0"":2}",17
"0xc042619f7abbcd582311ea92e8f1ecd2ee58a9e2","{""TOKAU"":""84000000"",""BUSD"":""0"",""BUSD-T"":""0""}","{""hit4"":0,""hit3"":0,""hit2"":0,""hit1"":17,""hit0"":11}",17
"0x018d596f176e2d47b4644cabc65625030ab852a7","{""TOKAU"":""30000000"",""BUSD"":""0"",""BUSD-T"":""0""}","{""hit4"":0,""hit3"":0,""hit2"":4,""hit1"":1,""hit0"":5}",17
"0xe670d0440948e4fce4e37bcb857e40b6e4f2b42f","{""TOKAU"":""0"",""BUSD"":""10"",""BUSD-T"":""0""}","{""hit4"":0,""hit3"":0,""hit2"":3,""hit1"":4,""hit0"":3}",16
"0x54ce45e220b9f63f16c6b1de7bfdc2e02427ccb9","{""TOKAU"":""33000000"",""BUSD"":""0"",""BUSD-T"":""0""}","{""hit4"":0,""hit3"":1,""hit2"":1,""hit1"":3,""hit0"":6}",16
"0xb57ecdd9bdaa77623af59463d28affb9a6877fb0","{""TOKAU"":""0"",""BUSD"":""0"",""BUSD-T"":""12""}","{""hit4"":0,""hit3"":0,""hit2"":3,""hit1"":3,""hit0"":6}",15
"0x177df985a93aaf25f2796635fa232e4bf306bca0","{""TOKAU"":""0"",""BUSD"":""0"",""BUSD-T"":""10""}","{""hit4"":0,""hit3"":0,""hit2"":2,""hit1"":6,""hit0"":2}",14
"0x4e2b9ed0c94c5533f33ef453c90c2b0f22cacb5b","{""TOKAU"":""0"",""BUSD"":""0"",""BUSD-T"":""10""}","{""hit4"":0,""hit3"":0,""hit2"":3,""hit1"":2,""hit0"":5}",14
"0xdd62ba87e0dcee85593949ea496e514dc7c57791","{""TOKAU"":""0"",""BUSD"":""0"",""BUSD-T"":""16""}","{""hit4"":0,""hit3"":0,""hit2"":1,""hit1"":10,""hit0"":5}",14
"0xcf1b4de14b6dd53f36a6ee5da2246093483c7e89","{""TOKAU"":""30000000"",""BUSD"":""0"",""BUSD-T"":""0""}","{""hit4"":0,""hit3"":0,""hit2"":2,""hit1"":6,""hit0"":2}",14
"0x0b431f91c54c303ae29e4023a70da6cadeb0d387","{""TOKAU"":""30000000"",""BUSD"":""0"",""BUSD-T"":""0""}","{""hit4"":0,""hit3"":0,""hit2"":2,""hit1"":5,""hit0"":3}",13
"0x9486519fc687439367bd245cb8480d73a6fd3638","{""TOKAU"":""0"",""BUSD"":""0"",""BUSD-T"":""10""}","{""hit4"":0,""hit3"":0,""hit2"":2,""hit1"":5,""hit0"":3}",13
"0xf798d03235fd51c63af2ccb0726b89782de2f23d","{""TOKAU"":""30000000"",""BUSD"":""0"",""BUSD-T"":""0""}","{""hit4"":0,""hit3"":0,""hit2"":2,""hit1"":5,""hit0"":3}",13
"0x06607347301076724ad392bee3e1d920b5b2802c","{""TOKAU"":""50000000"",""BUSD"":""0"",""BUSD-T"":""0""}","{""hit4"":0,""hit3"":0,""hit2"":1,""hit1"":9,""hit0"":6}",13
"0xf34ebc18aefbc6feaa2e50dc680686bd505bb097","{""TOKAU"":""0"",""BUSD"":""10"",""BUSD-T"":""0""}","{""hit4"":0,""hit3"":0,""hit2"":2,""hit1"":4,""hit0"":4}",12
"0x6cee606745bf52bdd9b9688fe10dd0d8828e5d80","{""TOKAU"":""36994826"",""BUSD"":""0"",""BUSD-T"":""0""}","{""hit4"":0,""hit3"":0,""hit2"":1,""hit1"":8,""hit0"":3}",12
"0x5345b922689469d2b22b914d3261bd045fe94829","{""TOKAU"":""30000000"",""BUSD"":""0"",""BUSD-T"":""0""}","{""hit4"":0,""hit3"":0,""hit2"":2,""hit1"":4,""hit0"":4}",12
"0xc78d55fef09278943227d0131ae919a2620e67d1","{""TOKAU"":""12000000"",""BUSD"":""0"",""BUSD-T"":""0""}","{""hit4"":0,""hit3"":1,""hit2"":0,""hit1"":3,""hit0"":0}",12
"0xd590914d216b740830115db996248fe43d359f4b","{""TOKAU"":""0"",""BUSD"":""10"",""BUSD-T"":""0""}","{""hit4"":0,""hit3"":0,""hit2"":1,""hit1"":7,""hit0"":2}",11
"0x3b10b951003e94e88a19826fd5c96e279dadc4a9","{""TOKAU"":""0"",""BUSD"":""0"",""BUSD-T"":""10""}","{""hit4"":0,""hit3"":0,""hit2"":2,""hit1"":3,""hit0"":5}",11
"0xb9f0abd810a18d7c8444c98f82402794462bd5be","{""TOKAU"":""0"",""BUSD"":""0"",""BUSD-T"":""10""}","{""hit4"":0,""hit3"":0,""hit2"":1,""hit1"":7,""hit0"":2}",11
"0x9663464121e89931e9349631e76e7d97b777ec80","{""TOKAU"":""39000000"",""BUSD"":""0"",""BUSD-T"":""0""}","{""hit4"":0,""hit3"":0,""hit2"":1,""hit1"":7,""hit0"":5}",11
"0xbb739419f45ef75b215103e40859a0ff8140a24c","{""TOKAU"":""30000000"",""BUSD"":""0"",""BUSD-T"":""0""}","{""hit4"":0,""hit3"":0,""hit2"":1,""hit1"":6,""hit0"":3}",10
"0x2e434ab6a950d44ce0e8d42e4505d7eafbeceeef","{""TOKAU"":""0"",""BUSD"":""0"",""BUSD-T"":""5""}","{""hit4"":0,""hit3"":0,""hit2"":2,""hit1"":2,""hit0"":1}",10
"0xd4cc92aa9bf1916a9faf44be45b6be64533f42db","{""TOKAU"":""30000000"",""BUSD"":""0"",""BUSD-T"":""0""}","{""hit4"":0,""hit3"":0,""hit2"":1,""hit1"":6,""hit0"":3}",10
"0xfcaf111ecbae10ad28fdde6b6e81c2ac6989ee3e","{""TOKAU"":""30000000"",""BUSD"":""0"",""BUSD-T"":""0""}","{""hit4"":0,""hit3"":0,""hit2"":1,""hit1"":6,""hit0"":3}",10
"0x72fa3f73c87a8f82b6994d79cb11f4975a58aec0","{""TOKAU"":""0"",""BUSD"":""0"",""BUSD-T"":""6""}","{""hit4"":0,""hit3"":0,""hit2"":2,""hit1"":2,""hit0"":2}",10
"0x583ef6dd95f64caddd9b3d1e42ed7665a28c5a1e","{""TOKAU"":""30000000"",""BUSD"":""0"",""BUSD-T"":""0""}","{""hit4"":0,""hit3"":0,""hit2"":1,""hit1"":6,""hit0"":3}",10
"0xd2994457c9abca4a090a643f01397400ff4d5754","{""TOKAU"":""30000000"",""BUSD"":""0"",""BUSD-T"":""0""}","{""hit4"":0,""hit3"":0,""hit2"":1,""hit1"":6,""hit0"":3}",10
"0xd3387573b6d437ec2be879af52d76c092671785a","{""TOKAU"":""0"",""BUSD"":""0"",""BUSD-T"":""10""}","{""hit4"":0,""hit3"":0,""hit2"":1,""hit1"":6,""hit0"":3}",10
"0xc2296410d6402580503bdba8b807e039c3433854","{""TOKAU"":""0"",""BUSD"":""0"",""BUSD-T"":""10""}","{""hit4"":0,""hit3"":0,""hit2"":2,""hit1"":2,""hit0"":6}",10
"0xc3e1e1358bda2a0c0e610b33871e6ebbf1523a58","{""TOKAU"":""3000000"",""BUSD"":""0"",""BUSD-T"":""0""}","{""hit4"":0,""hit3"":1,""hit2"":0,""hit1"":0,""hit0"":0}",9
"0x698f52fc8156399c5691377365d643f85217be33","{""TOKAU"":""0"",""BUSD"":""0"",""BUSD-T"":""10""}","{""hit4"":0,""hit3"":0,""hit2"":1,""hit1"":5,""hit0"":4}",9
"0x1970c1f5f8d0e8ed4fbe9dcb7803db9d32398b3f","{""TOKAU"":""0"",""BUSD"":""0"",""BUSD-T"":""11""}","{""hit4"":0,""hit3"":0,""hit2"":1,""hit1"":5,""hit0"":5}",9
"0x905911021b877ef04b00e58f4aaa6f17aba0a612","{""TOKAU"":""30000000"",""BUSD"":""0"",""BUSD-T"":""0""}","{""hit4"":0,""hit3"":0,""hit2"":1,""hit1"":5,""hit0"":4}",9
"0xc17235b2ba7d2629fe0cebea111b04a8dfdf16c2","{""TOKAU"":""0"",""BUSD"":""0"",""BUSD-T"":""5""}","{""hit4"":0,""hit3"":0,""hit2"":2,""hit1"":1,""hit0"":2}",9
"0xcd5c6eee97671bc731632de18232425fceced4a9","{""TOKAU"":""27000000"",""BUSD"":""0"",""BUSD-T"":""0""}","{""hit4"":0,""hit3"":0,""hit2"":1,""hit1"":5,""hit0"":3}",9
"0x1dd1bc0a97a34b311a1b110711293209779c61f2","{""TOKAU"":""0"",""BUSD"":""0"",""BUSD-T"":""10""}","{""hit4"":0,""hit3"":0,""hit2"":1,""hit1"":5,""hit0"":4}",9
"0xc56e10d229bd1d5410663ae8b9546c7b63389d52","{""TOKAU"":""0"",""BUSD"":""0"",""BUSD-T"":""10""}","{""hit4"":0,""hit3"":0,""hit2"":1,""hit1"":5,""hit0"":4}",9
"0x83ecc454c89290d740cc20a72f04722c67ac6e9e","{""TOKAU"":""0"",""BUSD"":""0"",""BUSD-T"":""10""}","{""hit4"":0,""hit3"":0,""hit2"":1,""hit1"":5,""hit0"":4}",9
"0xac291febbedec5a458ea0ecd140fbeb6b6def6ef","{""TOKAU"":""3050000"",""BUSD"":""0"",""BUSD-T"":""0""}","{""hit4"":0,""hit3"":1,""hit2"":0,""hit1"":0,""hit0"":0}",9
"0xc2ee497bbb8b1901df97097555ecd33be1acdaf5","{""TOKAU"":""40000000"",""BUSD"":""0"",""BUSD-T"":""0""}","{""hit4"":0,""hit3"":0,""hit2"":1,""hit1"":5,""hit0"":7}",9
"0xc957f4eb655b6ab674c42fa705ed413da30ba88c","{""TOKAU"":""0"",""BUSD"":""0"",""BUSD-T"":""10""}","{""hit4"":0,""hit3"":0,""hit2"":0,""hit1"":8,""hit0"":2}",8
"0x74fc2db2c55e6ec92e01be803c10e866be7e967c","{""TOKAU"":""0"",""BUSD"":""10"",""BUSD-T"":""0""}","{""hit4"":0,""hit3"":0,""hit2"":0,""hit1"":8,""hit0"":2}",8
"0x93430714a826e22527232b331c6b164a2bd31cb7","{""TOKAU"":""0"",""BUSD"":""10"",""BUSD-T"":""0""}","{""hit4"":0,""hit3"":0,""hit2"":1,""hit1"":4,""hit0"":5}",8
"0xf8c2d1e32824b6f5807d308e09328a14c37621aa","{""TOKAU"":""0"",""BUSD"":""0"",""BUSD-T"":""13""}","{""hit4"":0,""hit3"":0,""hit2"":0,""hit1"":8,""hit0"":5}",8
"0xc9ff78f3dcfdc28e9ab9ce7180ead68fc8242735","{""TOKAU"":""30000000"",""BUSD"":""0"",""BUSD-T"":""0""}","{""hit4"":0,""hit3"":0,""hit2"":1,""hit1"":4,""hit0"":5}",8
"0x5c8afdd1b67988d348509478c708d33033d2f62c","{""TOKAU"":""0"",""BUSD"":""0"",""BUSD-T"":""10""}","{""hit4"":0,""hit3"":0,""hit2"":0,""hit1"":8,""hit0"":2}",8
"0xcc6a8680a00ee629c57588cfeb15395ae75a14f4","{""TOKAU"":""0"",""BUSD"":""0"",""BUSD-T"":""9""}","{""hit4"":0,""hit3"":0,""hit2"":1,""hit1"":4,""hit0"":4}",8
"0xfdf10386e3a5983f0ed41784e4cc468e8d7415da","{""TOKAU"":""21000000"",""BUSD"":""0"",""BUSD-T"":""0""}","{""hit4"":0,""hit3"":0,""hit2"":1,""hit1"":4,""hit0"":2}",8
"0xf997558ae6ab4e5b7df35b6686becf512a50202c","{""TOKAU"":""60000000"",""BUSD"":""0"",""BUSD-T"":""0""}","{""hit4"":0,""hit3"":0,""hit2"":0,""hit1"":8,""hit0"":12}",8
"0x0fe57e231cb1f17ed2a6424da47f8d7c1efec29a","{""TOKAU"":""30000000"",""BUSD"":""0"",""BUSD-T"":""0""}","{""hit4"":0,""hit3"":0,""hit2"":1,""hit1"":4,""hit0"":5}",8
"0x648be78112f11f9a3d0afcf304d963b3b962bf56","{""TOKAU"":""33000000"",""BUSD"":""0"",""BUSD-T"":""0""}","{""hit4"":0,""hit3"":0,""hit2"":0,""hit1"":8,""hit0"":3}",8
"0xd3bf420a888eca45deda49180edef9f8b6bc9dc6","{""TOKAU"":""0"",""BUSD"":""10"",""BUSD-T"":""0""}","{""hit4"":0,""hit3"":0,""hit2"":1,""hit1"":3,""hit0"":6}",7
"0x4342fb98e5187985ee84c6573f62785b997c2ded","{""TOKAU"":""30000000"",""BUSD"":""0"",""BUSD-T"":""0""}","{""hit4"":0,""hit3"":0,""hit2"":1,""hit1"":3,""hit0"":6}",7
"0x3a4fec5ac612da1b71dd21317178e6dac612de24","{""TOKAU"":""20000000"",""BUSD"":""0"",""BUSD-T"":""0""}","{""hit4"":0,""hit3"":0,""hit2"":1,""hit1"":3,""hit0"":2}",7
"0xf782707983620f6d42d1d07c1b2290e24bc4e9cc","{""TOKAU"":""30000000"",""BUSD"":""0"",""BUSD-T"":""0""}","{""hit4"":0,""hit3"":0,""hit2"":1,""hit1"":3,""hit0"":6}",7
"0xe86293500b3ef903c1132cd5a014851ab71bd005","{""TOKAU"":""30000000"",""BUSD"":""0"",""BUSD-T"":""0""}","{""hit4"":0,""hit3"":0,""hit2"":1,""hit1"":3,""hit0"":6}",7
"0xdc026dadc7bf1e618bb5221dfda40a520ece2d3a","{""TOKAU"":""0"",""BUSD"":""10"",""BUSD-T"":""0""}","{""hit4"":0,""hit3"":0,""hit2"":0,""hit1"":6,""hit0"":4}",6
"0xd3c70467208e98c0dbee0420193ce55d97f238a8","{""TOKAU"":""0"",""BUSD"":""10"",""BUSD-T"":""0""}","{""hit4"":0,""hit3"":0,""hit2"":0,""hit1"":6,""hit0"":4}",6
"0x2b17a0b11f451a5196552aea2de8e534589f2957","{""TOKAU"":""30000000"",""BUSD"":""0"",""BUSD-T"":""0""}","{""hit4"":0,""hit3"":0,""hit2"":0,""hit1"":6,""hit0"":4}",6
"0xb9f5a84e11f452ef128ba0d828767697c1303e1d","{""TOKAU"":""0"",""BUSD"":""0"",""BUSD-T"":""3""}","{""hit4"":0,""hit3"":0,""hit2"":1,""hit1"":2,""hit0"":0}",6
"0xbd306685222e18f1b31ef0829b9c5cf52b39133d","{""TOKAU"":""30000000"",""BUSD"":""0"",""BUSD-T"":""0""}","{""hit4"":0,""hit3"":0,""hit2"":1,""hit1"":2,""hit0"":7}",6
"0x8e68fa9f9bd20b70ca51ed0d567dd01087ac3d23","{""TOKAU"":""0"",""BUSD"":""0"",""BUSD-T"":""8""}","{""hit4"":0,""hit3"":0,""hit2"":0,""hit1"":6,""hit0"":2}",6
"0xe6a1e9a8d9afb47a38d103d4a24ec7e266946ac8","{""TOKAU"":""3000000"",""BUSD"":""0"",""BUSD-T"":""6""}","{""hit4"":0,""hit3"":0,""hit2"":1,""hit1"":2,""hit0"":4}",6
"0x6bfa5433a4e41069d66ac40fa40b3a423e498f17","{""TOKAU"":""30000000"",""BUSD"":""0"",""BUSD-T"":""0""}","{""hit4"":0,""hit3"":0,""hit2"":0,""hit1"":6,""hit0"":4}",6
"0x60482b757faba7733536e6cc07110a62384e221f","{""TOKAU"":""10000000"",""BUSD"":""0"",""BUSD-T"":""0""}","{""hit4"":0,""hit3"":0,""hit2"":1,""hit1"":2,""hit0"":0}",6
"0xb105a6521b29ad93bf37b308f35e2ea8f586fc0d","{""TOKAU"":""0"",""BUSD"":""0"",""BUSD-T"":""5""}","{""hit4"":0,""hit3"":0,""hit2"":1,""hit1"":2,""hit0"":2}",6
"0xa7db4e9f4e9d31b426f37f45ba8bef79f96deffc","{""TOKAU"":""30000000"",""BUSD"":""0"",""BUSD-T"":""0""}","{""hit4"":0,""hit3"":0,""hit2"":0,""hit1"":6,""hit0"":4}",6
"0x397ecc537229cf3d1892273550b0a6c9999cec2a","{""TOKAU"":""12000000"",""BUSD"":""0"",""BUSD-T"":""0""}","{""hit4"":0,""hit3"":0,""hit2"":1,""hit1"":1,""hit0"":2}",5
"0x6862cca7242e75158ac398c6ad927ef08b4311cf","{""TOKAU"":""3000000"",""BUSD"":""0"",""BUSD-T"":""1""}","{""hit4"":0,""hit3"":0,""hit2"":1,""hit1"":1,""hit0"":0}",5
"0xa0936a10bb2d650b8e65f9d1ba66d5c453ed2ca0","{""TOKAU"":""0"",""BUSD"":""0"",""BUSD-T"":""3""}","{""hit4"":0,""hit3"":0,""hit2"":1,""hit1"":1,""hit0"":1}",5
"0x4f78aeebe3ae4459f137450d3f22789b94cb652b","{""TOKAU"":""0"",""BUSD"":""0"",""BUSD-T"":""10""}","{""hit4"":0,""hit3"":0,""hit2"":0,""hit1"":5,""hit0"":5}",5
"0x53c9adbd6e208d990dc2b14cfa301b1590fc2055","{""TOKAU"":""0"",""BUSD"":""0"",""BUSD-T"":""5""}","{""hit4"":0,""hit3"":0,""hit2"":0,""hit1"":5,""hit0"":0}",5
"0x71814bbdf50ddd7e4b5f83da5a5abf23bcaaee93","{""TOKAU"":""9000000"",""BUSD"":""0"",""BUSD-T"":""0""}","{""hit4"":0,""hit3"":0,""hit2"":1,""hit1"":1,""hit0"":1}",5
"0xedccaf6da92eaf99b420986f50d770252f494895","{""TOKAU"":""30000000"",""BUSD"":""0"",""BUSD-T"":""0""}","{""hit4"":0,""hit3"":0,""hit2"":0,""hit1"":5,""hit0"":5}",5
"0x09f4e75f9c48877426e472a9bae2cf29640736ef","{""TOKAU"":""6000000"",""BUSD"":""0"",""BUSD-T"":""0""}","{""hit4"":0,""hit3"":0,""hit2"":1,""hit1"":1,""hit0"":0}",5
"0x1a86f100dfc0d572e3d3fe4742075c768c442319","{""TOKAU"":""0"",""BUSD"":""0"",""BUSD-T"":""9""}","{""hit4"":0,""hit3"":0,""hit2"":0,""hit1"":5,""hit0"":4}",5
"0x684e048cdb4d0d23afbc2e8a9ecf4243adfa802d","{""TOKAU"":""9943998"",""BUSD"":""0"",""BUSD-T"":""0""}","{""hit4"":0,""hit3"":0,""hit2"":1,""hit1"":1,""hit0"":1}",5
"0x1b5816ad97105ad626bd22a2ea862069df2d31c4","{""TOKAU"":""30000000"",""BUSD"":""0"",""BUSD-T"":""0""}","{""hit4"":0,""hit3"":0,""hit2"":0,""hit1"":5,""hit0"":5}",5
"0x4a2c1efc9b79079c4f2e8b07bf44f08c25cb1a43","{""TOKAU"":""0"",""BUSD"":""0"",""BUSD-T"":""5""}","{""hit4"":0,""hit3"":0,""hit2"":1,""hit1"":1,""hit0"":3}",5
"0xa5ea709ebcf7a17f1325f318f45ef4f93008586b","{""TOKAU"":""6000000"",""BUSD"":""0"",""BUSD-T"":""0""}","{""hit4"":0,""hit3"":0,""hit2"":1,""hit1"":1,""hit0"":0}",5
"0x9f5035913c97fde2d9af3ef514b15c3833de0249","{""TOKAU"":""0"",""BUSD"":""10"",""BUSD-T"":""0""}","{""hit4"":0,""hit3"":0,""hit2"":0,""hit1"":5,""hit0"":5}",5
"0xc866bf5f3a35635541b5b3bd6a0c980a86e294c7","{""TOKAU"":""30000000"",""BUSD"":""0"",""BUSD-T"":""0""}","{""hit4"":0,""hit3"":0,""hit2"":0,""hit1"":5,""hit0"":5}",5
"0x74db004a27215ace84c19bd8456c84d96b1edfcc","{""TOKAU"":""0"",""BUSD"":""0"",""BUSD-T"":""5""}","{""hit4"":0,""hit3"":0,""hit2"":0,""hit1"":4,""hit0"":1}",4
"0x221f92ad3e336ee6e615e28e36ee5c9fb5da05a0","{""TOKAU"":""3333333"",""BUSD"":""0"",""BUSD-T"":""0""}","{""hit4"":0,""hit3"":0,""hit2"":1,""hit1"":0,""hit0"":0}",4
"0xe22f86d2c9f1eba62fafe55e91381084d93fc169","{""TOKAU"":""33000000"",""BUSD"":""0"",""BUSD-T"":""0""}","{""hit4"":0,""hit3"":0,""hit2"":0,""hit1"":4,""hit0"":7}",4
"0x34df9ce7995776ea457d3cce536be492d6589cb0","{""TOKAU"":""0"",""BUSD"":""0"",""BUSD-T"":""1""}","{""hit4"":0,""hit3"":0,""hit2"":1,""hit1"":0,""hit0"":0}",4
"0x34fdd6efd909f0647c244741c365a92bdb66d57e","{""TOKAU"":""0"",""BUSD"":""10"",""BUSD-T"":""0""}","{""hit4"":0,""hit3"":0,""hit2"":0,""hit1"":4,""hit0"":6}",4
"0xe8bfc101f3c89e1d8b2a7ea5539996d6aee1dc61","{""TOKAU"":""0"",""BUSD"":""0"",""BUSD-T"":""12""}","{""hit4"":0,""hit3"":0,""hit2"":0,""hit1"":4,""hit0"":8}",4
"0xf5a1aafc2afad5a27ff25339e7cba1dca05b73b9","{""TOKAU"":""0"",""BUSD"":""0"",""BUSD-T"":""1""}","{""hit4"":0,""hit3"":0,""hit2"":1,""hit1"":0,""hit0"":0}",4
"0x3e1620ec5161a514638cdbb803c1c627b0ae76e4","{""TOKAU"":""3000000"",""BUSD"":""0"",""BUSD-T"":""5""}","{""hit4"":0,""hit3"":0,""hit2"":0,""hit1"":4,""hit0"":2}",4
"0xc8a17d5f156934a152a82d6630af1b36ce563636","{""TOKAU"":""30000000"",""BUSD"":""0"",""BUSD-T"":""0""}","{""hit4"":0,""hit3"":0,""hit2"":0,""hit1"":4,""hit0"":6}",4
"0x1d5c36db4df3a6565dbe7c251d539b5d9bcc720c","{""TOKAU"":""3000000"",""BUSD"":""0"",""BUSD-T"":""0""}","{""hit4"":0,""hit3"":0,""hit2"":1,""hit1"":0,""hit0"":0}",4
"0xa4d5a93767a70358ad7154a810d8e1bf958e9eb2","{""TOKAU"":""10000000"",""BUSD"":""0"",""BUSD-T"":""0""}","{""hit4"":0,""hit3"":0,""hit2"":1,""hit1"":0,""hit0"":2}",4
"0xa506ee0faf00e1557f6f679f7144516e96905b40","{""TOKAU"":""0"",""BUSD"":""0"",""BUSD-T"":""5""}","{""hit4"":0,""hit3"":0,""hit2"":0,""hit1"":4,""hit0"":1}",4
"0xe6a1d998e2220b24ad6136c819c7b351e035d995","{""TOKAU"":""0"",""BUSD"":""0"",""BUSD-T"":""1""}","{""hit4"":0,""hit3"":0,""hit2"":1,""hit1"":0,""hit0"":0}",4
"0x284c5eeba11fd1aafc011e7d78e90e7ba703d285","{""TOKAU"":""0"",""BUSD"":""0"",""BUSD-T"":""1""}","{""hit4"":0,""hit3"":0,""hit2"":1,""hit1"":0,""hit0"":0}",4
"0xa2ce7db67b98510437d08835ee0d6f76e725d9dc","{""TOKAU"":""3200000"",""BUSD"":""0"",""BUSD-T"":""0""}","{""hit4"":0,""hit3"":0,""hit2"":1,""hit1"":0,""hit0"":0}",4
"0x801b3350b302fb7d7785a51e03e097291f85c1ea","{""TOKAU"":""0"",""BUSD"":""1"",""BUSD-T"":""0""}","{""hit4"":0,""hit3"":0,""hit2"":1,""hit1"":0,""hit0"":0}",4
"0x266d8e3b85dd66758854e4e2ae27c4a161236828","{""TOKAU"":""17044789"",""BUSD"":""0"",""BUSD-T"":""0""}","{""hit4"":0,""hit3"":0,""hit2"":1,""hit1"":0,""hit0"":4}",4
"0x9e86d007bae46c60259e9bc497d85ce77af71101","{""TOKAU"":""13857024"",""BUSD"":""0"",""BUSD-T"":""0""}","{""hit4"":0,""hit3"":0,""hit2"":0,""hit1"":4,""hit0"":0}",4
"0x28ce073752fa17897e04b99696685e9f61172733","{""TOKAU"":""0"",""BUSD"":""0"",""BUSD-T"":""1""}","{""hit4"":0,""hit3"":0,""hit2"":1,""hit1"":0,""hit0"":0}",4
"0x917b64ad7edda10e6649f0b723557d7b13947410","{""TOKAU"":""3000000"",""BUSD"":""0"",""BUSD-T"":""0""}","{""hit4"":0,""hit3"":0,""hit2"":1,""hit1"":0,""hit0"":0}",4
"0x622dfb83f77a03ed47414704799a959a2476a9f3","{""TOKAU"":""0"",""BUSD"":""0"",""BUSD-T"":""2""}","{""hit4"":0,""hit3"":0,""hit2"":1,""hit1"":0,""hit0"":1}",4
"0x95a4792af4e34a4a9daa5ab4984342edd2ede366","{""TOKAU"":""6000000"",""BUSD"":""0"",""BUSD-T"":""0""}","{""hit4"":0,""hit3"":0,""hit2"":1,""hit1"":0,""hit0"":1}",4
"0xa0ab92a54ce290eaf81278f9ea5324e521ae6d0a","{""TOKAU"":""0"",""BUSD"":""0"",""BUSD-T"":""6""}","{""hit4"":0,""hit3"":0,""hit2"":0,""hit1"":4,""hit0"":2}",4
"0x01135da19356e032f82bb746b2a59e59f93c3547","{""TOKAU"":""0"",""BUSD"":""0"",""BUSD-T"":""3""}","{""hit4"":0,""hit3"":0,""hit2"":1,""hit1"":0,""hit0"":2}",4
"0x7d1db82d3d9c01ed3aa896fdf08423de94702557","{""TOKAU"":""3050000"",""BUSD"":""0"",""BUSD-T"":""0""}","{""hit4"":0,""hit3"":0,""hit2"":1,""hit1"":0,""hit0"":0}",4
"0x59fafead963f1cee994c9bb71a00888451be1039","{""TOKAU"":""3050000"",""BUSD"":""0"",""BUSD-T"":""0""}","{""hit4"":0,""hit3"":0,""hit2"":1,""hit1"":0,""hit0"":0}",4
"0xe05c7bbcaa7cb70a34219bce3c0d15a68eae4577","{""TOKAU"":""0"",""BUSD"":""0"",""BUSD-T"":""2""}","{""hit4"":0,""hit3"":0,""hit2"":1,""hit1"":0,""hit0"":1}",4
"0x8a05136c75a998f9d54521f3a6391ab4e67cc894","{""TOKAU"":""3050000"",""BUSD"":""0"",""BUSD-T"":""0""}","{""hit4"":0,""hit3"":0,""hit2"":1,""hit1"":0,""hit0"":0}",4
"0xd8263f34a19209c6eee291c0673157a79a54fb76","{""TOKAU"":""0"",""BUSD"":""0"",""BUSD-T"":""1""}","{""hit4"":0,""hit3"":0,""hit2"":1,""hit1"":0,""hit0"":0}",4
"0x41cfe1362b33e4633a7f712a578050d87f0115c8","{""TOKAU"":""9757234"",""BUSD"":""0"",""BUSD-T"":""0""}","{""hit4"":0,""hit3"":0,""hit2"":1,""hit1"":0,""hit0"":2}",4
"0xaece452a31eb6c13a1a323e0b2ea6af023ffe286","{""TOKAU"":""0"",""BUSD"":""0"",""BUSD-T"":""1""}","{""hit4"":0,""hit3"":0,""hit2"":1,""hit1"":0,""hit0"":0}",4
"0xe9390c55432045edb8b67578ae0a0fbc2ad492ff","{""TOKAU"":""3050000"",""BUSD"":""0"",""BUSD-T"":""0""}","{""hit4"":0,""hit3"":0,""hit2"":1,""hit1"":0,""hit0"":0}",4
"0x9675684290e0ac919ec710fa8309fbcf41ae6af1","{""TOKAU"":""9000000"",""BUSD"":""0"",""BUSD-T"":""0""}","{""hit4"":0,""hit3"":0,""hit2"":1,""hit1"":0,""hit0"":2}",4
"0x924ab42e3bd6ec79aaac9c454a579c12f174d409","{""TOKAU"":""3000000"",""BUSD"":""0"",""BUSD-T"":""0""}","{""hit4"":0,""hit3"":0,""hit2"":1,""hit1"":0,""hit0"":0}",4
"0x389f066a08476c445925734adf1c04be90faa7c9","{""TOKAU"":""3050000"",""BUSD"":""0"",""BUSD-T"":""0""}","{""hit4"":0,""hit3"":0,""hit2"":1,""hit1"":0,""hit0"":0}",4
"0xb267171d4100b1801f09132f6a52816a88347572","{""TOKAU"":""3000000"",""BUSD"":""0"",""BUSD-T"":""0""}","{""hit4"":0,""hit3"":0,""hit2"":1,""hit1"":0,""hit0"":0}",4
"0x601680aa08bfbc963d39c5df8292efcc91d37bf1","{""TOKAU"":""3000000"",""BUSD"":""0"",""BUSD-T"":""0""}","{""hit4"":0,""hit3"":0,""hit2"":1,""hit1"":0,""hit0"":0}",4
"0x8c6acacef08d97c9ae5a37f44c49fc432c0cf017","{""TOKAU"":""3000000"",""BUSD"":""0"",""BUSD-T"":""0""}","{""hit4"":0,""hit3"":0,""hit2"":1,""hit1"":0,""hit0"":0}",4
"0x1e237f8997a6586e7e54d953db72207ea3800b46","{""TOKAU"":""3000000"",""BUSD"":""0"",""BUSD-T"":""0""}","{""hit4"":0,""hit3"":0,""hit2"":1,""hit1"":0,""hit0"":0}",4
"0xed9a72ae53459566012865250a5fe0cc14145d8c","{""TOKAU"":""3050000"",""BUSD"":""0"",""BUSD-T"":""0""}","{""hit4"":0,""hit3"":0,""hit2"":1,""hit1"":0,""hit0"":0}",4
"0x4a9f778d27a7365f15d03edf6b414d28583108dc","{""TOKAU"":""3000000"",""BUSD"":""0"",""BUSD-T"":""0""}","{""hit4"":0,""hit3"":0,""hit2"":1,""hit1"":0,""hit0"":0}",4
"0x7a2edf77825532007d5cdc4c84a19700216079a4","{""TOKAU"":""3000000"",""BUSD"":""0"",""BUSD-T"":""0""}","{""hit4"":0,""hit3"":0,""hit2"":1,""hit1"":0,""hit0"":0}",4
"0x15dd45c007b4021fac319419eb01f7ae04827584","{""TOKAU"":""0"",""BUSD"":""0"",""BUSD-T"":""3""}","{""hit4"":0,""hit3"":0,""hit2"":0,""hit1"":3,""hit0"":0}",3
"0xa4089eedea8764b35cb70519ab3cbfea0ddc05fa","{""TOKAU"":""0"",""BUSD"":""0"",""BUSD-T"":""6""}","{""hit4"":0,""hit3"":0,""hit2"":0,""hit1"":3,""hit0"":3}",3
"0xe581b7b9d745c06c2d1b49dbf6713d75d49786af","{""TOKAU"":""0"",""BUSD"":""0"",""BUSD-T"":""3""}","{""hit4"":0,""hit3"":0,""hit2"":0,""hit1"":3,""hit0"":0}",3
"0x60c455638cdd8c9114bfa77a5b798515e5fad4a9","{""TOKAU"":""0"",""BUSD"":""0"",""BUSD-T"":""5""}","{""hit4"":0,""hit3"":0,""hit2"":0,""hit1"":3,""hit0"":2}",3
"0xc1973bfb85b7821ae08d346452581025da156952","{""TOKAU"":""0"",""BUSD"":""0"",""BUSD-T"":""5""}","{""hit4"":0,""hit3"":0,""hit2"":0,""hit1"":3,""hit0"":2}",3
"0xc61610b9d12244987e1484f0234661163217ff52","{""TOKAU"":""9000000"",""BUSD"":""0"",""BUSD-T"":""0""}","{""hit4"":0,""hit3"":0,""hit2"":0,""hit1"":3,""hit0"":0}",3
"0xc008a83beb75cb32e1ac6a7aadcdf71b57f5fdcd","{""TOKAU"":""14281744"",""BUSD"":""0"",""BUSD-T"":""0""}","{""hit4"":0,""hit3"":0,""hit2"":0,""hit1"":3,""hit0"":1}",3
"0xf5d8d8c8d9f13df529cde755c20ed657f5cc7dab","{""TOKAU"":""12000000"",""BUSD"":""0"",""BUSD-T"":""0""}","{""hit4"":0,""hit3"":0,""hit2"":0,""hit1"":3,""hit0"":1}",3
"0x995464022a045f726f20337cb69c8dd8045adfdc","{""TOKAU"":""0"",""BUSD"":""0"",""BUSD-T"":""3""}","{""hit4"":0,""hit3"":0,""hit2"":0,""hit1"":3,""hit0"":0}",3
"0xb5c5be55a0e068e59c670bf7738cea6a81c80395","{""TOKAU"":""30000000"",""BUSD"":""0"",""BUSD-T"":""0""}","{""hit4"":0,""hit3"":0,""hit2"":0,""hit1"":3,""hit0"":7}",3
"0xeebfb0f124636aef01b8fae3b2b109a973082d0d","{""TOKAU"":""0"",""BUSD"":""0"",""BUSD-T"":""5""}","{""hit4"":0,""hit3"":0,""hit2"":0,""hit1"":3,""hit0"":2}",3
"0x48d226546939a3caba46825297664f5c5a39265e","{""TOKAU"":""0"",""BUSD"":""0"",""BUSD-T"":""4""}","{""hit4"":0,""hit3"":0,""hit2"":0,""hit1"":2,""hit0"":2}",2
"0xb88dc2ae578451114575fe2e86022bc962f9b806","{""TOKAU"":""6000000"",""BUSD"":""0"",""BUSD-T"":""0""}","{""hit4"":0,""hit3"":0,""hit2"":0,""hit1"":2,""hit0"":0}",2
"0x3e88b482a44316e933e99ead0a75a8594c0efd5e","{""TOKAU"":""6000000"",""BUSD"":""0"",""BUSD-T"":""0""}","{""hit4"":0,""hit3"":0,""hit2"":0,""hit1"":2,""hit0"":0}",2
"0xc83027581e8f877108be4b9e9d5fefb29c17dea2","{""TOKAU"":""9000000"",""BUSD"":""0"",""BUSD-T"":""0""}","{""hit4"":0,""hit3"":0,""hit2"":0,""hit1"":2,""hit0"":1}",2
"0xcd0a4bd1c63fa84d16e46a689a2a1906015b940d","{""TOKAU"":""0"",""BUSD"":""0"",""BUSD-T"":""6""}","{""hit4"":0,""hit3"":0,""hit2"":0,""hit1"":2,""hit0"":4}",2
"0x332784df8044927ad0b21fc6e46e495475989b4e","{""TOKAU"":""3000000"",""BUSD"":""0"",""BUSD-T"":""1""}","{""hit4"":0,""hit3"":0,""hit2"":0,""hit1"":2,""hit0"":0}",2
"0x183eea198acb385ef52203b1c8d1239d28be4a3d","{""TOKAU"":""12000000"",""BUSD"":""0"",""BUSD-T"":""0""}","{""hit4"":0,""hit3"":0,""hit2"":0,""hit1"":2,""hit0"":2}",2
"0xe303694a951d2a2f0de0b5df2f4f11066b1340ce","{""TOKAU"":""0"",""BUSD"":""0"",""BUSD-T"":""5""}","{""hit4"":0,""hit3"":0,""hit2"":0,""hit1"":2,""hit0"":3}",2
"0x3faded621729d112f043d1b2b0519d07465636ca","{""TOKAU"":""0"",""BUSD"":""0"",""BUSD-T"":""2""}","{""hit4"":0,""hit3"":0,""hit2"":0,""hit1"":2,""hit0"":0}",2
"0x8f63558cd666618f00c21744e4c98c2c49068f9a","{""TOKAU"":""0"",""BUSD"":""0"",""BUSD-T"":""2""}","{""hit4"":0,""hit3"":0,""hit2"":0,""hit1"":2,""hit0"":0}",2
"0xa96e1b52e64dd79115970a48044ef1be23085fc8","{""TOKAU"":""12000000"",""BUSD"":""0"",""BUSD-T"":""0""}","{""hit4"":0,""hit3"":0,""hit2"":0,""hit1"":2,""hit0"":2}",2
"0xdff91eee96ce439075efc5c4d53fdb295e137b53","{""TOKAU"":""0"",""BUSD"":""0"",""BUSD-T"":""2""}","{""hit4"":0,""hit3"":0,""hit2"":0,""hit1"":2,""hit0"":0}",2
"0x2ea14b1ab90124b0741d3589084b22dbc08d64e7","{""TOKAU"":""6000000"",""BUSD"":""0"",""BUSD-T"":""0""}","{""hit4"":0,""hit3"":0,""hit2"":0,""hit1"":2,""hit0"":0}",2
"0x1df7ef338b472b2edd005029698781534c89feda","{""TOKAU"":""0"",""BUSD"":""0"",""BUSD-T"":""2""}","{""hit4"":0,""hit3"":0,""hit2"":0,""hit1"":2,""hit0"":0}",2
"0xca564070c1a207600126070996e843337753fd46","{""TOKAU"":""6000000"",""BUSD"":""0"",""BUSD-T"":""0""}","{""hit4"":0,""hit3"":0,""hit2"":0,""hit1"":2,""hit0"":0}",2
"0xa418762d0688d1566c0e216732dedd5716a84907","{""TOKAU"":""12000000"",""BUSD"":""0"",""BUSD-T"":""0""}","{""hit4"":0,""hit3"":0,""hit2"":0,""hit1"":2,""hit0"":2}",2
"0x94e15c2545ba4e1daac55cc1813a721c89cbf3fc","{""TOKAU"":""0"",""BUSD"":""0"",""BUSD-T"":""2""}","{""hit4"":0,""hit3"":0,""hit2"":0,""hit1"":2,""hit0"":0}",2
"0xeada14ed95c1cb8f506d30f56831b26408af208b","{""TOKAU"":""3000000"",""BUSD"":""0"",""BUSD-T"":""0""}","{""hit4"":0,""hit3"":0,""hit2"":0,""hit1"":1,""hit0"":0}",1
"0x27811db43b6231aad6ec2e541509ac3ae5ca1985","{""TOKAU"":""0"",""BUSD"":""0"",""BUSD-T"":""1""}","{""hit4"":0,""hit3"":0,""hit2"":0,""hit1"":1,""hit0"":0}",1
"0x9db66f5bc7c5a6dc7498cdd3889c3809681b73f8","{""TOKAU"":""0"",""BUSD"":""0"",""BUSD-T"":""1""}","{""hit4"":0,""hit3"":0,""hit2"":0,""hit1"":1,""hit0"":0}",1
"0x5c5e617625b788d100ed135eb725b2c1dddae932","{""TOKAU"":""0"",""BUSD"":""0"",""BUSD-T"":""1""}","{""hit4"":0,""hit3"":0,""hit2"":0,""hit1"":1,""hit0"":0}",1
"0x2c0a0fe86b9da6fe1e5e9d63561e37d1ca3d7836","{""TOKAU"":""3000000"",""BUSD"":""0"",""BUSD-T"":""0""}","{""hit4"":0,""hit3"":0,""hit2"":0,""hit1"":1,""hit0"":0}",1
"0x68b9e194eb79aa5eabaef7aa65923437eda8592b","{""TOKAU"":""0"",""BUSD"":""0"",""BUSD-T"":""1""}","{""hit4"":0,""hit3"":0,""hit2"":0,""hit1"":1,""hit0"":0}",1
"0x1521e6c2aabbcb5af615ae5c6d6291eb7ccbf03b","{""TOKAU"":""3000000"",""BUSD"":""0"",""BUSD-T"":""0""}","{""hit4"":0,""hit3"":0,""hit2"":0,""hit1"":1,""hit0"":0}",1
"0x446b4b5790c471737201008112673e575d0e63ad","{""TOKAU"":""0"",""BUSD"":""0"",""BUSD-T"":""1""}","{""hit4"":0,""hit3"":0,""hit2"":0,""hit1"":1,""hit0"":0}",1
"0x556d262312650bc336e754ae2dc07b40db2db25c","{""TOKAU"":""5176710"",""BUSD"":""0"",""BUSD-T"":""0""}","{""hit4"":0,""hit3"":0,""hit2"":0,""hit1"":1,""hit0"":0}",1
"0xfcb09bf2635e216b18fda08dadf1f011aa2a287c","{""TOKAU"":""0"",""BUSD"":""0"",""BUSD-T"":""1""}","{""hit4"":0,""hit3"":0,""hit2"":0,""hit1"":1,""hit0"":0}",1
"0x3fa9f6ea46337f90df86e325879d579787a561de","{""TOKAU"":""6000000"",""BUSD"":""0"",""BUSD-T"":""0""}","{""hit4"":0,""hit3"":0,""hit2"":0,""hit1"":1,""hit0"":1}",1
"0xd644c1b56c3f8faa7beb446c93da2f190bfaed9b","{""TOKAU"":""0"",""BUSD"":""0"",""BUSD-T"":""3""}","{""hit4"":0,""hit3"":0,""hit2"":0,""hit1"":1,""hit0"":2}",1
"0xbcb8b1f2765be1ebaf26204e204a7149814b5646","{""TOKAU"":""0"",""BUSD"":""0"",""BUSD-T"":""1""}","{""hit4"":0,""hit3"":0,""hit2"":0,""hit1"":1,""hit0"":0}",1
"0x083cc9c7faf96592179dcbeee4716771b2f02197","{""TOKAU"":""3333333"",""BUSD"":""0"",""BUSD-T"":""0""}","{""hit4"":0,""hit3"":0,""hit2"":0,""hit1"":1,""hit0"":0}",1
"0x8c4503328d66a9748ea516e6305ee058dc22648d","{""TOKAU"":""0"",""BUSD"":""0"",""BUSD-T"":""2""}","{""hit4"":0,""hit3"":0,""hit2"":0,""hit1"":1,""hit0"":1}",1
"0x987ac2d3bc2a944d5ab56d54fef536db98f40111","{""TOKAU"":""0"",""BUSD"":""0"",""BUSD-T"":""1""}","{""hit4"":0,""hit3"":0,""hit2"":0,""hit1"":1,""hit0"":0}",1
"0xcd7f9df722d3105e9cbe4ee35ed40e87c601fc5c","{""TOKAU"":""0"",""BUSD"":""0"",""BUSD-T"":""2""}","{""hit4"":0,""hit3"":0,""hit2"":0,""hit1"":1,""hit0"":1}",1
"0xd829f11c157e0cafc1cb35b68e687971df8241b1","{""TOKAU"":""0"",""BUSD"":""2"",""BUSD-T"":""0""}","{""hit4"":0,""hit3"":0,""hit2"":0,""hit1"":1,""hit0"":1}",1
"0xdf4260069487e6caa1e4831957a9a2de69444ec4","{""TOKAU"":""0"",""BUSD"":""0"",""BUSD-T"":""2""}","{""hit4"":0,""hit3"":0,""hit2"":0,""hit1"":1,""hit0"":1}",1
"0x13e99e37e62b0d81d1fe0c81ad5185266951d0d2","{""TOKAU"":""3000000"",""BUSD"":""0"",""BUSD-T"":""0""}","{""hit4"":0,""hit3"":0,""hit2"":0,""hit1"":1,""hit0"":0}",1
"0x6ace7b917e49ba549083550494a349998b2a79c6","{""TOKAU"":""0"",""BUSD"":""0"",""BUSD-T"":""1""}","{""hit4"":0,""hit3"":0,""hit2"":0,""hit1"":1,""hit0"":0}",1
"0x52ca2a30cc5b256da51191980a15457e42ecf956","{""TOKAU"":""3000000"",""BUSD"":""0"",""BUSD-T"":""0""}","{""hit4"":0,""hit3"":0,""hit2"":0,""hit1"":1,""hit0"":0}",1
"0xb185af92ecf5c177e2047c294547871dc279c925","{""TOKAU"":""0"",""BUSD"":""0"",""BUSD-T"":""1""}","{""hit4"":0,""hit3"":0,""hit2"":0,""hit1"":1,""hit0"":0}",1
"0x49cb69a47ebc5179076bdf1e33bc201407b6012b","{""TOKAU"":""0"",""BUSD"":""0"",""BUSD-T"":""2""}","{""hit4"":0,""hit3"":0,""hit2"":0,""hit1"":1,""hit0"":1}",1
"0x5f69e99c3237dc25b3b662076fbf83b3c1449170","{""TOKAU"":""3000000"",""BUSD"":""0"",""BUSD-T"":""0""}","{""hit4"":0,""hit3"":0,""hit2"":0,""hit1"":1,""hit0"":0}",1
"0x48cb5490cda42009550688a22a81ed7ccb73d951","{""TOKAU"":""3000000"",""BUSD"":""0"",""BUSD-T"":""0""}","{""hit4"":0,""hit3"":0,""hit2"":0,""hit1"":1,""hit0"":0}",1
"0x9998d0ebad6f0220940623d8b764bb3bdc4eb2d9","{""TOKAU"":""0"",""BUSD"":""0"",""BUSD-T"":""1""}","{""hit4"":0,""hit3"":0,""hit2"":0,""hit1"":1,""hit0"":0}",1
"0x9f2690a7be78347802368f355413ea77bc9d99ee","{""TOKAU"":""0"",""BUSD"":""0"",""BUSD-T"":""1""}","{""hit4"":0,""hit3"":0,""hit2"":0,""hit1"":1,""hit0"":0}",1
"0x52207cb57b84215a158ec9c6ee2c95c2aac4fcdb","{""TOKAU"":""0"",""BUSD"":""0"",""BUSD-T"":""2""}","{""hit4"":0,""hit3"":0,""hit2"":0,""hit1"":1,""hit0"":1}",1
"0x1a1c8457b50f7b7547b3c4b1be93e1424eaf8a2f","{""TOKAU"":""0"",""BUSD"":""0"",""BUSD-T"":""1""}","{""hit4"":0,""hit3"":0,""hit2"":0,""hit1"":1,""hit0"":0}",1
"0x7a09205ac72fa4e660023245e9e5f78d7a84e8c0","{""TOKAU"":""3000000"",""BUSD"":""0"",""BUSD-T"":""0""}","{""hit4"":0,""hit3"":0,""hit2"":0,""hit1"":1,""hit0"":0}",1
"0x7131c994e1bb7976294f41208ffc0f64ae736c64","{""TOKAU"":""3000000"",""BUSD"":""0"",""BUSD-T"":""0""}","{""hit4"":0,""hit3"":0,""hit2"":0,""hit1"":1,""hit0"":0}",1
"0x742e132eac0e940953f56782e5b008cdbd0ecf21","{""TOKAU"":""0"",""BUSD"":""0"",""BUSD-T"":""1""}","{""hit4"":0,""hit3"":0,""hit2"":0,""hit1"":1,""hit0"":0}",1
"0x667dbb13b9c385c80bf7749ee9e031d0c239fe69","{""TOKAU"":""0"",""BUSD"":""0"",""BUSD-T"":""1""}","{""hit4"":0,""hit3"":0,""hit2"":0,""hit1"":1,""hit0"":0}",1
"0x3429630d2c7de2f647dd7894d4da8d5ee213f554","{""TOKAU"":""3000000"",""BUSD"":""0"",""BUSD-T"":""0""}","{""hit4"":0,""hit3"":0,""hit2"":0,""hit1"":1,""hit0"":0}",1
"0x4c6cdd480e3ebf9757867bf1f9b5e945c051eb2d","{""TOKAU"":""3000000"",""BUSD"":""0"",""BUSD-T"":""0""}","{""hit4"":0,""hit3"":0,""hit2"":0,""hit1"":1,""hit0"":0}",1
"0x2a7a8bbd38407873b6d255aca042c16f8e622381","{""TOKAU"":""0"",""BUSD"":""0"",""BUSD-T"":""1""}","{""hit4"":0,""hit3"":0,""hit2"":0,""hit1"":1,""hit0"":0}",1
"0x40a65bf8a4df4ed71c3343aa57580c766cd513f2","{""TOKAU"":""3000000"",""BUSD"":""0"",""BUSD-T"":""0""}","{""hit4"":0,""hit3"":0,""hit2"":0,""hit1"":1,""hit0"":0}",1
"0xb8d7d3695864a290b158f4de922d22f2f7a973be","{""TOKAU"":""0"",""BUSD"":""0"",""BUSD-T"":""1""}","{""hit4"":0,""hit3"":0,""hit2"":0,""hit1"":1,""hit0"":0}",1
"0x8dc1fb3d72622a86035656aa6ba5d95d96f686b5","{""TOKAU"":""3000000"",""BUSD"":""0"",""BUSD-T"":""2""}","{""hit4"":0,""hit3"":0,""hit2"":0,""hit1"":1,""hit0"":2}",1
"0x3cb92ce8c697a69d139f63a2331e545e7ce62c67","{""TOKAU"":""0"",""BUSD"":""0"",""BUSD-T"":""2""}","{""hit4"":0,""hit3"":0,""hit2"":0,""hit1"":1,""hit0"":1}",1
"0xcf62baf1237124d11740d4c89ef088c501fa102a","{""TOKAU"":""30000000"",""BUSD"":""0"",""BUSD-T"":""0""}","{""hit4"":0,""hit3"":0,""hit2"":0,""hit1"":1,""hit0"":9}",1
"0x36ba3455e7b206540c7ab5c26a6e825b4141054c","{""TOKAU"":""6000000"",""BUSD"":""0"",""BUSD-T"":""0""}","{""hit4"":0,""hit3"":0,""hit2"":0,""hit1"":1,""hit0"":1}",1
"0xe6cc5e3ebb07b5156ba3af510b8c6ca19804d88e","{""TOKAU"":""0"",""BUSD"":""0"",""BUSD-T"":""1""}","{""hit4"":0,""hit3"":0,""hit2"":0,""hit1"":1,""hit0"":0}",1
"0x4d246e41d7131ff60cd533c13bd2aafce7ab1265","{""TOKAU"":""0"",""BUSD"":""0"",""BUSD-T"":""1""}","{""hit4"":0,""hit3"":0,""hit2"":0,""hit1"":1,""hit0"":0}",1
"0x56c5384418316c9772e44bb1cb2a16b663ae0140","{""TOKAU"":""6000000"",""BUSD"":""0"",""BUSD-T"":""0""}","{""hit4"":0,""hit3"":0,""hit2"":0,""hit1"":1,""hit0"":1}",1
"0xa4989f87207786d55638ed2a357ec1c795dd162d","{""TOKAU"":""0"",""BUSD"":""0"",""BUSD-T"":""2""}","{""hit4"":0,""hit3"":0,""hit2"":0,""hit1"":1,""hit0"":1}",1
"0xb0072286b979a84e7df967c49d908492cb16578c","{""TOKAU"":""3000000"",""BUSD"":""0"",""BUSD-T"":""0""}","{""hit4"":0,""hit3"":0,""hit2"":0,""hit1"":1,""hit0"":0}",1
"0x3be7fb13fbc4fb99315c95f71a61641372e590f0","{""TOKAU"":""6000000"",""BUSD"":""0"",""BUSD-T"":""0""}","{""hit4"":0,""hit3"":0,""hit2"":0,""hit1"":1,""hit0"":1}",1
"0xf8eaa793a01c0882a9138fd19cb9e364c50a8cb3","{""TOKAU"":""3000000"",""BUSD"":""0"",""BUSD-T"":""0""}","{""hit4"":0,""hit3"":0,""hit2"":0,""hit1"":1,""hit0"":0}",1
"0x24b7ba897812c85ea01ec126250fe8aa039c0536","{""TOKAU"":""3000000"",""BUSD"":""0"",""BUSD-T"":""0""}","{""hit4"":0,""hit3"":0,""hit2"":0,""hit1"":1,""hit0"":0}",1
"0xdc20880dbe1d46ee675053e32cf857e68e708190","{""TOKAU"":""0"",""BUSD"":""0"",""BUSD-T"":""1""}","{""hit4"":0,""hit3"":0,""hit2"":0,""hit1"":1,""hit0"":0}",1
"0x8afc49ae74d4cd06a2ec7c761ab496e0a8771920","{""TOKAU"":""3000000"",""BUSD"":""0"",""BUSD-T"":""0""}","{""hit4"":0,""hit3"":0,""hit2"":0,""hit1"":1,""hit0"":0}",1
"0xb8ec9fb08d0e6d57a68e456bc1499b362caa7a9f","{""TOKAU"":""0"",""BUSD"":""0"",""BUSD-T"":""2""}","{""hit4"":0,""hit3"":0,""hit2"":0,""hit1"":1,""hit0"":1}",1
"0x1266ef03bc84b7ff27ac3a6b4409396776d58450","{""TOKAU"":""0"",""BUSD"":""0"",""BUSD-T"":""1""}","{""hit4"":0,""hit3"":0,""hit2"":0,""hit1"":1,""hit0"":0}",1
"0x177821cbe97b3eb0a20de1fd534bc7160cbcd76e","{""TOKAU"":""0"",""BUSD"":""0"",""BUSD-T"":""1""}","{""hit4"":0,""hit3"":0,""hit2"":0,""hit1"":1,""hit0"":0}",1
"0x84e9bbf31b3241c999f99fd48e7f6454fcf4c5bf","{""TOKAU"":""0"",""BUSD"":""1"",""BUSD-T"":""1""}","{""hit4"":0,""hit3"":0,""hit2"":0,""hit1"":1,""hit0"":1}",1
"0x070af5f01338b52de6899600fc62bd316b98b046","{""TOKAU"":""0"",""BUSD"":""1"",""BUSD-T"":""0""}","{""hit4"":0,""hit3"":0,""hit2"":0,""hit1"":1,""hit0"":0}",1
"0xe764022ae2c40fc790c3556871a7a6b7e46ee336","{""TOKAU"":""0"",""BUSD"":""0"",""BUSD-T"":""1""}","{""hit4"":0,""hit3"":0,""hit2"":0,""hit1"":1,""hit0"":0}",1
"0x2a4d092c4a6626ba9236049072c96f49d16f359f","{""TOKAU"":""0"",""BUSD"":""0"",""BUSD-T"":""2""}","{""hit4"":0,""hit3"":0,""hit2"":0,""hit1"":1,""hit0"":1}",1
"0x1507a9416b415f567b91bcc3dfb60b3650716abe","{""TOKAU"":""3000000"",""BUSD"":""0"",""BUSD-T"":""0""}","{""hit4"":0,""hit3"":0,""hit2"":0,""hit1"":1,""hit0"":0}",1
"0x3d4e699521bdd09760e6cd9d622d2afd1dda8b6d","{""TOKAU"":""3050000"",""BUSD"":""0"",""BUSD-T"":""0""}","{""hit4"":0,""hit3"":0,""hit2"":0,""hit1"":1,""hit0"":0}",1
"0xd6e453fba14d76403d9a0c86172881ad0a95d6a3","{""TOKAU"":""3000000"",""BUSD"":""0"",""BUSD-T"":""0""}","{""hit4"":0,""hit3"":0,""hit2"":0,""hit1"":1,""hit0"":0}",1
"0x5e4d7f828b1325ba73326c4e9792e6963b2bb7f4","{""TOKAU"":""3000000"",""BUSD"":""0"",""BUSD-T"":""0""}","{""hit4"":0,""hit3"":0,""hit2"":0,""hit1"":1,""hit0"":0}",1
"0xb71e7678e74c9d908de763949aa9accdfbcb2978","{""TOKAU"":""3000000"",""BUSD"":""0"",""BUSD-T"":""0""}","{""hit4"":0,""hit3"":0,""hit2"":0,""hit1"":1,""hit0"":0}",1
"0xd63ff106a2c2225a5ef0fded47b326162d500efd","{""TOKAU"":""3000000"",""BUSD"":""0"",""BUSD-T"":""0""}","{""hit4"":0,""hit3"":0,""hit2"":0,""hit1"":1,""hit0"":0}",1
"0x381c830d87c7348cda0fa524ebe69f9d99446592","{""TOKAU"":""3050000"",""BUSD"":""0"",""BUSD-T"":""0""}","{""hit4"":0,""hit3"":0,""hit2"":0,""hit1"":1,""hit0"":0}",1
"0x7083a553f3f2a3975e67dd3584cc57030f193072","{""TOKAU"":""3050000"",""BUSD"":""0"",""BUSD-T"":""0""}","{""hit4"":0,""hit3"":0,""hit2"":0,""hit1"":1,""hit0"":0}",1
"0x3c1e4eb76f494ab04d6e8b131347d18d9a0dcffe","{""TOKAU"":""3000000"",""BUSD"":""0"",""BUSD-T"":""0""}","{""hit4"":0,""hit3"":0,""hit2"":0,""hit1"":1,""hit0"":0}",1
"0x7fd35c78722c525aaa587b1f2e492e754f265d7f","{""TOKAU"":""3050000"",""BUSD"":""0"",""BUSD-T"":""0""}","{""hit4"":0,""hit3"":0,""hit2"":0,""hit1"":1,""hit0"":0}",1
"0x84e31c4d64cda2633131228a700d2a3564186e23","{""TOKAU"":""3000000"",""BUSD"":""0"",""BUSD-T"":""0""}","{""hit4"":0,""hit3"":0,""hit2"":0,""hit1"":1,""hit0"":0}",1
"0x353bfc16ec8de684afc47d37923682fb7b3101d8","{""TOKAU"":""3050000"",""BUSD"":""0"",""BUSD-T"":""0""}","{""hit4"":0,""hit3"":0,""hit2"":0,""hit1"":1,""hit0"":0}",1
"0x856011f1dee34f8c580a7b2a91f8809625c4fea9","{""TOKAU"":""3000000"",""BUSD"":""0"",""BUSD-T"":""0""}","{""hit4"":0,""hit3"":0,""hit2"":0,""hit1"":1,""hit0"":0}",1
"0x3648336c74d632a97bca7121504b1b3df2eb1964","{""TOKAU"":""3050000"",""BUSD"":""0"",""BUSD-T"":""0""}","{""hit4"":0,""hit3"":0,""hit2"":0,""hit1"":1,""hit0"":0}",1
"0x62f6c34dd10b01dd0bad401036202420ee33b712","{""TOKAU"":""6000000"",""BUSD"":""0"",""BUSD-T"":""0""}","{""hit4"":0,""hit3"":0,""hit2"":0,""hit1"":1,""hit0"":1}",1
"0x428de73c9ef969ba9e3c9e5637fd76dd0136191f","{""TOKAU"":""0"",""BUSD"":""0"",""BUSD-T"":""1""}","{""hit4"":0,""hit3"":0,""hit2"":0,""hit1"":1,""hit0"":0}",1
"0xcd8f9da5154b3cfab0912e1e8e07f23a5672ae4f","{""TOKAU"":""0"",""BUSD"":""0"",""BUSD-T"":""1""}","{""hit4"":0,""hit3"":0,""hit2"":0,""hit1"":1,""hit0"":0}",1
"0x81fb54d4ee1196ced5b090cca85fcf53834163d4","{""TOKAU"":""12000000"",""BUSD"":""0"",""BUSD-T"":""0""}","{""hit4"":0,""hit3"":0,""hit2"":0,""hit1"":1,""hit0"":3}",1
"0xa06dd0fccf309c209057cef9394574261ecadfdb","{""TOKAU"":""0"",""BUSD"":""0"",""BUSD-T"":""2""}","{""hit4"":0,""hit3"":0,""hit2"":0,""hit1"":1,""hit0"":1}",1
"0x2f57ba9a3a57a5fda61965ae064893e7ad1a2f2a","{""TOKAU"":""3000000"",""BUSD"":""0"",""BUSD-T"":""0""}","{""hit4"":0,""hit3"":0,""hit2"":0,""hit1"":1,""hit0"":0}",1
"0x4bedc3d156d5f3df3da48559cac02810f02b6fa8","{""TOKAU"":""9500001"",""BUSD"":""0"",""BUSD-T"":""0""}","{""hit4"":0,""hit3"":0,""hit2"":0,""hit1"":1,""hit0"":2}",1
"0x173d244d4ca59531acf7428f56c0227bfa03e86c","{""TOKAU"":""0"",""BUSD"":""0"",""BUSD-T"":""1""}","{""hit4"":0,""hit3"":0,""hit2"":0,""hit1"":1,""hit0"":0}",1
"0x4ea07b0855c2549f93f24e5b7b089bded466636b","{""TOKAU"":""3000000"",""BUSD"":""0"",""BUSD-T"":""0""}","{""hit4"":0,""hit3"":0,""hit2"":0,""hit1"":1,""hit0"":0}",1
"0xe3c48db8aa1863bf2be6ba7cac8b8218a58f0f6a","{""TOKAU"":""3000000"",""BUSD"":""0"",""BUSD-T"":""0""}","{""hit4"":0,""hit3"":0,""hit2"":0,""hit1"":1,""hit0"":0}",1
"0x903e2ab74ebf78032f1688b569ab5e01b7f46af9","{""TOKAU"":""0"",""BUSD"":""0"",""BUSD-T"":""1""}","{""hit4"":0,""hit3"":0,""hit2"":0,""hit1"":1,""hit0"":0}",1
"0xb7bd32b80edd2b75918882e24a4d7ce227c6e1ce","{""TOKAU"":""0"",""BUSD"":""0"",""BUSD-T"":""2""}","{""hit4"":0,""hit3"":0,""hit2"":0,""hit1"":1,""hit0"":1}",1
"0xbc0975d8ba041382eb4f53517612785b5b2f34f0","{""TOKAU"":""0"",""BUSD"":""0"",""BUSD-T"":""3""}","{""hit4"":0,""hit3"":0,""hit2"":0,""hit1"":1,""hit0"":2}",1
"0x42b83735ea582d8678534ec67b5f7532250fd95e","{""TOKAU"":""6000000"",""BUSD"":""0"",""BUSD-T"":""0""}","{""hit4"":0,""hit3"":0,""hit2"":0,""hit1"":1,""hit0"":1}",1
"0xb9bd63e40d9a220289923ec6c6103e7c1cb3b827","{""TOKAU"":""3000000"",""BUSD"":""0"",""BUSD-T"":""0""}","{""hit4"":0,""hit3"":0,""hit2"":0,""hit1"":1,""hit0"":0}",1
"0xb7b0ebe8cee8deef36e365949714eee4bb7f8db4","{""TOKAU"":""0"",""BUSD"":""0"",""BUSD-T"":""1""}","{""hit4"":0,""hit3"":0,""hit2"":0,""hit1"":1,""hit0"":0}",1
"0xbdbc64b0595bef726e809527c570b52ce2224a4a","{""TOKAU"":""0"",""BUSD"":""0"",""BUSD-T"":""1""}","{""hit4"":0,""hit3"":0,""hit2"":0,""hit1"":1,""hit0"":0}",1
"0x58eceb9dbcb028318a632afca5389615f933d703","{""TOKAU"":""0"",""BUSD"":""0"",""BUSD-T"":""1""}","{""hit4"":0,""hit3"":0,""hit2"":0,""hit1"":1,""hit0"":0}",1
"0x286ff58b781f2da24cd385c0451a6c92fe9d6f8a","{""TOKAU"":""0"",""BUSD"":""0"",""BUSD-T"":""1""}","{""hit4"":0,""hit3"":0,""hit2"":0,""hit1"":1,""hit0"":0}",1
"0x5e4abd7db75f98d1960a6322b69d6af24ec38ff1","{""TOKAU"":""0"",""BUSD"":""0"",""BUSD-T"":""1""}","{""hit4"":0,""hit3"":0,""hit2"":0,""hit1"":1,""hit0"":0}",1
"0x77fcd347c591715b8a00bc659bc86eb117691871","{""TOKAU"":""0"",""BUSD"":""0"",""BUSD-T"":""1""}","{""hit4"":0,""hit3"":0,""hit2"":0,""hit1"":1,""hit0"":0}",1
"0x57eb41374f86e4b518cee4bbde95a0905bf8c080","{""TOKAU"":""0"",""BUSD"":""0"",""BUSD-T"":""1""}","{""hit4"":0,""hit3"":0,""hit2"":0,""hit1"":1,""hit0"":0}",1
"0xc2268a59f44c895c5ec45fa317cf74798b1b22a5","{""TOKAU"":""0"",""BUSD"":""0"",""BUSD-T"":""1""}","{""hit4"":0,""hit3"":0,""hit2"":0,""hit1"":1,""hit0"":0}",1
"0xff996f5688954e58e998c00c617d6b6fad86dd3a","{""TOKAU"":""3000000"",""BUSD"":""0"",""BUSD-T"":""0""}","{""hit4"":0,""hit3"":0,""hit2"":0,""hit1"":1,""hit0"":0}",1
"0xf8232a5c486c635cb9a1e4390385bda5ffe5e4f8","{""TOKAU"":""3000000"",""BUSD"":""0"",""BUSD-T"":""0""}","{""hit4"":0,""hit3"":0,""hit2"":0,""hit1"":1,""hit0"":0}",1
"0x7ccc9a05aa35468c5d10353fe3476822459c4870","{""TOKAU"":""3000000"",""BUSD"":""0"",""BUSD-T"":""0""}","{""hit4"":0,""hit3"":0,""hit2"":0,""hit1"":1,""hit0"":0}",1
"0xdc0ba3d0c68adfc0a86175ee00362861704cebd0","{""TOKAU"":""3050000"",""BUSD"":""0"",""BUSD-T"":""0""}","{""hit4"":0,""hit3"":0,""hit2"":0,""hit1"":1,""hit0"":0}",1
"0xd2d7dd4fd6183375367fec6f6947d2e68d2d728a","{""TOKAU"":""3000000"",""BUSD"":""0"",""BUSD-T"":""0""}","{""hit4"":0,""hit3"":0,""hit2"":0,""hit1"":1,""hit0"":0}",1
"0x195efa7438ae69b640526ac4475d76d1b57f4fe8","{""TOKAU"":""3000000"",""BUSD"":""0"",""BUSD-T"":""0""}","{""hit4"":0,""hit3"":0,""hit2"":0,""hit1"":1,""hit0"":0}",1
"0x8a8f18fb3f98c06e48d12b995cf21632513c39ec","{""TOKAU"":""3000000"",""BUSD"":""0"",""BUSD-T"":""0""}","{""hit4"":0,""hit3"":0,""hit2"":0,""hit1"":1,""hit0"":0}",1
"0x2aa3b1abdd5ca0b98c45362ab5c5844c39cb3f5e","{""TOKAU"":""3000000"",""BUSD"":""0"",""BUSD-T"":""0""}","{""hit4"":0,""hit3"":0,""hit2"":0,""hit1"":1,""hit0"":0}",1
"0x103bf3740234a6508fe9055a87ef6ace1b1ffcad","{""TOKAU"":""3000000"",""BUSD"":""0"",""BUSD-T"":""0""}","{""hit4"":0,""hit3"":0,""hit2"":0,""hit1"":1,""hit0"":0}",1
"0x1c1b2cdc7f4254534201d4b1b1d2c1a722a233d8","{""TOKAU"":""3000000"",""BUSD"":""0"",""BUSD-T"":""0""}","{""hit4"":0,""hit3"":0,""hit2"":0,""hit1"":1,""hit0"":0}",1
"0xfd8c24960a2b9999232cf1f5dd7c44669b6b5484","{""TOKAU"":""3000000"",""BUSD"":""0"",""BUSD-T"":""0""}","{""hit4"":0,""hit3"":0,""hit2"":0,""hit1"":1,""hit0"":0}",1
"0xaba2464c72f81328b96cd9c84d6c267f612959ca","{""TOKAU"":""3000000"",""BUSD"":""0"",""BUSD-T"":""0""}","{""hit4"":0,""hit3"":0,""hit2"":0,""hit1"":1,""hit0"":0}",1
"0xcda5e8d3d04eb0c02597f02aae42ebd977817c7c","{""TOKAU"":""3000000"",""BUSD"":""0"",""BUSD-T"":""0""}","{""hit4"":0,""hit3"":0,""hit2"":0,""hit1"":1,""hit0"":0}",1
"0x7f8ccb2fe4b72efc0d6f2b17a775ea2b0e6d7d1b","{""TOKAU"":""3000000"",""BUSD"":""0"",""BUSD-T"":""0""}","{""hit4"":0,""hit3"":0,""hit2"":0,""hit1"":1,""hit0"":0}",1
"0x0b41dffc7abbadc0d76b8ea30b1517a1622e5911","{""TOKAU"":""0"",""BUSD"":""0"",""BUSD-T"":""1""}","{""hit4"":0,""hit3"":0,""hit2"":0,""hit1"":1,""hit0"":0}",1
"0x9b6f709d6d5b310b1bcb99e950e9439956074427","{""TOKAU"":""3050000"",""BUSD"":""0"",""BUSD-T"":""0""}","{""hit4"":0,""hit3"":0,""hit2"":0,""hit1"":1,""hit0"":0}",1
"0x9cad3a690a5a582cdeeb79f5198b8d52cbce6f51","{""TOKAU"":""15000000"",""BUSD"":""0"",""BUSD-T"":""0""}","{""hit4"":0,""hit3"":0,""hit2"":0,""hit1"":1,""hit0"":4}",1
"0x9467d5dd8acd1bd95e98e8b6949b1db2917f9584","{""TOKAU"":""3000000"",""BUSD"":""0"",""BUSD-T"":""0""}","{""hit4"":0,""hit3"":0,""hit2"":0,""hit1"":1,""hit0"":0}",1
"0xe8499ae3d18a2633b0e9609961b01a70cf1fccd1","{""TOKAU"":""3000000"",""BUSD"":""0"",""BUSD-T"":""0""}","{""hit4"":0,""hit3"":0,""hit2"":0,""hit1"":1,""hit0"":0}",1
"0x24402e3e99247cd46e81f8117e2620a4be1859a4","{""TOKAU"":""3000000"",""BUSD"":""0"",""BUSD-T"":""0""}","{""hit4"":0,""hit3"":0,""hit2"":0,""hit1"":1,""hit0"":0}",1
"0x7e590ea5140267694aceb405ae38ad934fb54547","{""TOKAU"":""3000000"",""BUSD"":""0"",""BUSD-T"":""0""}","{""hit4"":0,""hit3"":0,""hit2"":0,""hit1"":1,""hit0"":0}",1
"0xe0a434663fb6606ee3b8839b4c240fa61469f091","{""TOKAU"":""3000000"",""BUSD"":""0"",""BUSD-T"":""0""}","{""hit4"":0,""hit3"":0,""hit2"":0,""hit1"":1,""hit0"":0}",1
"0xbb7fe483750e38665b4bbbba3c1cfa47bd9b5cdf","{""TOKAU"":""3000000"",""BUSD"":""0"",""BUSD-T"":""0""}","{""hit4"":0,""hit3"":0,""hit2"":0,""hit1"":1,""hit0"":0}",1
"0x044d79372fd292768c1292ace9c76a58db14c2b3","{""TOKAU"":""3000000"",""BUSD"":""0"",""BUSD-T"":""0""}","{""hit4"":0,""hit3"":0,""hit2"":0,""hit1"":1,""hit0"":0}",1
"0xcfbcc530d6c9c8e3d8a07e172eb9ab970393491b","{""TOKAU"":""3000000"",""BUSD"":""0"",""BUSD-T"":""0""}","{""hit4"":0,""hit3"":0,""hit2"":0,""hit1"":1,""hit0"":0}",1
"0x76f1732d504780be17c6da29301a510390b3dd20","{""TOKAU"":""3050000"",""BUSD"":""0"",""BUSD-T"":""0""}","{""hit4"":0,""hit3"":0,""hit2"":0,""hit1"":1,""hit0"":0}",1
"0x334dae76be92a46683d6dfa42615e8aac4472ce9","{""TOKAU"":""3000000"",""BUSD"":""0"",""BUSD-T"":""0""}","{""hit4"":0,""hit3"":0,""hit2"":0,""hit1"":1,""hit0"":0}",1
"0xcfc8465382be065fa3561d5534bc26201f266b46","{""TOKAU"":""3000000"",""BUSD"":""0"",""BUSD-T"":""0""}","{""hit4"":0,""hit3"":0,""hit2"":0,""hit1"":1,""hit0"":0}",1
"0x82b8bffdc223df4eb886742231cd99cdb1b1576c","{""TOKAU"":""3000000"",""BUSD"":""0"",""BUSD-T"":""0""}","{""hit4"":0,""hit3"":0,""hit2"":0,""hit1"":1,""hit0"":0}",1
"0x839720bf20a7271db84d3cad9b65e1230760d33d","{""TOKAU"":""3000000"",""BUSD"":""0"",""BUSD-T"":""0""}","{""hit4"":0,""hit3"":0,""hit2"":0,""hit1"":1,""hit0"":0}",1
"0x6df2e7904793f5a0802935078a9d0a275b2444f0","{""TOKAU"":""3000000"",""BUSD"":""0"",""BUSD-T"":""0""}","{""hit4"":0,""hit3"":0,""hit2"":0,""hit1"":1,""hit0"":0}",1
"0x6f4344f29dc6edd34f32f87f56d5ff832056f22c","{""TOKAU"":""3000000"",""BUSD"":""0"",""BUSD-T"":""0""}","{""hit4"":0,""hit3"":0,""hit2"":0,""hit1"":1,""hit0"":0}",1
"0x5d4c4b0f54f3faf3ef166e810444889983d52f74","{""TOKAU"":""3000000"",""BUSD"":""0"",""BUSD-T"":""0""}","{""hit4"":0,""hit3"":0,""hit2"":0,""hit1"":1,""hit0"":0}",1
"0xc2eb3c5f414ee817d470d977dd89c56b5be7b6a1","{""TOKAU"":""3050000"",""BUSD"":""0"",""BUSD-T"":""0""}","{""hit4"":0,""hit3"":0,""hit2"":0,""hit1"":1,""hit0"":0}",1
"0x50d8801115d6819262ee73fa97320bc18c8bfe54","{""TOKAU"":""3000000"",""BUSD"":""0"",""BUSD-T"":""0""}","{""hit4"":0,""hit3"":0,""hit2"":0,""hit1"":1,""hit0"":0}",1
"0xbc5028ffa5325cead2abf6182b2b72d8a651bf49","{""TOKAU"":""3000000"",""BUSD"":""0"",""BUSD-T"":""0""}","{""hit4"":0,""hit3"":0,""hit2"":0,""hit1"":1,""hit0"":0}",1
"0xf1e30dd25db16ed90b4e2e8191950f83990b81b0","{""TOKAU"":""3000000"",""BUSD"":""0"",""BUSD-T"":""0""}","{""hit4"":0,""hit3"":0,""hit2"":0,""hit1"":1,""hit0"":0}",1
"0x4fbc33b7e6769a0bda8a8ca9ccb628b100a3ced8","{""TOKAU"":""3000000"",""BUSD"":""0"",""BUSD-T"":""0""}","{""hit4"":0,""hit3"":0,""hit2"":0,""hit1"":1,""hit0"":0}",1
"0x452df949237acf4e15b14d21cd98abe66b09550e","{""TOKAU"":""3000000"",""BUSD"":""0"",""BUSD-T"":""0""}","{""hit4"":0,""hit3"":0,""hit2"":0,""hit1"":1,""hit0"":0}",1
"0x5bf3530eefa528311c4acb7ba2bbea4332cc14c1","{""TOKAU"":""3000000"",""BUSD"":""0"",""BUSD-T"":""0""}","{""hit4"":0,""hit3"":0,""hit2"":0,""hit1"":1,""hit0"":0}",1
"0x6555c4825a9af2190c6065f0f6e6fc6cb90e7e06","{""TOKAU"":""3000000"",""BUSD"":""0"",""BUSD-T"":""0""}","{""hit4"":0,""hit3"":0,""hit2"":0,""hit1"":1,""hit0"":0}",1
"0xf0168462faf76939ab014a823ff02292d4185b3d","{""TOKAU"":""3000000"",""BUSD"":""0"",""BUSD-T"":""0""}","{""hit4"":0,""hit3"":0,""hit2"":0,""hit1"":1,""hit0"":0}",1
"0x9b425207e823509428b411a15e78f1774aaf9847","{""TOKAU"":""3000000"",""BUSD"":""0"",""BUSD-T"":""0""}","{""hit4"":0,""hit3"":0,""hit2"":0,""hit1"":1,""hit0"":0}",1
"0x67c3a0f8cdf4d253bbfd29d736e755b127c870dc","{""TOKAU"":""3000000"",""BUSD"":""0"",""BUSD-T"":""0""}","{""hit4"":0,""hit3"":0,""hit2"":0,""hit1"":1,""hit0"":0}",1
"0x35e24a91fe1f41ddf6259e7bcc0913debaec4550","{""TOKAU"":""170000"",""BUSD"":""0"",""BUSD-T"":""0""}","{""hit4"":0,""hit3"":0,""hit2"":0,""hit1"":0,""hit0"":0}",0
"0xc98af3d8eb9d210f37a11000ae18f7ebe3258728","{""TOKAU"":""5000000"",""BUSD"":""0"",""BUSD-T"":""0""}","{""hit4"":0,""hit3"":0,""hit2"":0,""hit1"":0,""hit0"":1}",0
"0x81600332e7b6040a40403230c341e4a77273d723","{""TOKAU"":""0"",""BUSD"":""0"",""BUSD-T"":""1""}","{""hit4"":0,""hit3"":0,""hit2"":0,""hit1"":0,""hit0"":1}",0
"0xd2c3156fb4b089d7fed1b5bf1aef9f0c4b1d7d4c","{""TOKAU"":""0"",""BUSD"":""0"",""BUSD-T"":""1""}","{""hit4"":0,""hit3"":0,""hit2"":0,""hit1"":0,""hit0"":1}",0
"0x78ea28644780742edb9b23aaa2e9c1418e93e9ac","{""TOKAU"":""6000000"",""BUSD"":""0"",""BUSD-T"":""0""}","{""hit4"":0,""hit3"":0,""hit2"":0,""hit1"":0,""hit0"":2}",0
"0x4548c3c7bbcef22e609a0b39f66cc76e2f550ec6","{""TOKAU"":""3000000"",""BUSD"":""0"",""BUSD-T"":""0""}","{""hit4"":0,""hit3"":0,""hit2"":0,""hit1"":0,""hit0"":1}",0
"0x4ba6f7f42b546742eaff496aca8a1298c99d1caf","{""TOKAU"":""3000000"",""BUSD"":""0"",""BUSD-T"":""0""}","{""hit4"":0,""hit3"":0,""hit2"":0,""hit1"":0,""hit0"":1}",0
"0x4f32ef8bc0fb84ed6838799723ea71cea42138f5","{""TOKAU"":""0"",""BUSD"":""0"",""BUSD-T"":""1""}","{""hit4"":0,""hit3"":0,""hit2"":0,""hit1"":0,""hit0"":1}",0
"0x3e0bb575bc5c97c96d76af8f725764e7122777ca","{""TOKAU"":""3000000"",""BUSD"":""0"",""BUSD-T"":""0""}","{""hit4"":0,""hit3"":0,""hit2"":0,""hit1"":0,""hit0"":1}",0
"0x60b63997304f48111b113bbe4c1ffb894af780d3","{""TOKAU"":""0"",""BUSD"":""0"",""BUSD-T"":""1""}","{""hit4"":0,""hit3"":0,""hit2"":0,""hit1"":0,""hit0"":1}",0
"0xa2f645f0f6080080800707183e99beb1b6216aac","{""TOKAU"":""0"",""BUSD"":""0"",""BUSD-T"":""1""}","{""hit4"":0,""hit3"":0,""hit2"":0,""hit1"":0,""hit0"":1}",0
"0x0e024cdba8377acf2d83e23090e27f5f8f490497","{""TOKAU"":""0"",""BUSD"":""0"",""BUSD-T"":""1""}","{""hit4"":0,""hit3"":0,""hit2"":0,""hit1"":0,""hit0"":1}",0
"0x68163fbf6a61fa28cf7944be735802b3a3630887","{""TOKAU"":""0"",""BUSD"":""0"",""BUSD-T"":""1""}","{""hit4"":0,""hit3"":0,""hit2"":0,""hit1"":0,""hit0"":1}",0
"0x1a3761a47d1db2fac5112b54a289abba85d12fbe","{""TOKAU"":""0"",""BUSD"":""0"",""BUSD-T"":""1""}","{""hit4"":0,""hit3"":0,""hit2"":0,""hit1"":0,""hit0"":1}",0
"0xd87aef6daed99e2b86d9a50a6c6835c292ff6606","{""TOKAU"":""0"",""BUSD"":""0"",""BUSD-T"":""1""}","{""hit4"":0,""hit3"":0,""hit2"":0,""hit1"":0,""hit0"":1}",0
"0x682c72e317cf93a36ace26d52f9eb9c41712e56c","{""TOKAU"":""0"",""BUSD"":""0"",""BUSD-T"":""1""}","{""hit4"":0,""hit3"":0,""hit2"":0,""hit1"":0,""hit0"":1}",0
"0x402712e7c90b952ea581324ed293c832edf12715","{""TOKAU"":""10000"",""BUSD"":""0"",""BUSD-T"":""0""}","{""hit4"":0,""hit3"":0,""hit2"":0,""hit1"":0,""hit0"":0}",0
"0x7b1acbb8333c0600e04bcf65f5b06f609b3c2c59","{""TOKAU"":""0"",""BUSD"":""0"",""BUSD-T"":""1""}","{""hit4"":0,""hit3"":0,""hit2"":0,""hit1"":0,""hit0"":1}",0
"0x534b4ee0707fc670c7173234fa2038bc8748b997","{""TOKAU"":""3100000"",""BUSD"":""0"",""BUSD-T"":""0""}","{""hit4"":0,""hit3"":0,""hit2"":0,""hit1"":0,""hit0"":1}",0
"0x3b791e5d04cafad23179c2fe55f5e1087334e68c","{""TOKAU"":""3500000"",""BUSD"":""0"",""BUSD-T"":""0""}","{""hit4"":0,""hit3"":0,""hit2"":0,""hit1"":0,""hit0"":1}",0
"0x75752a5104d5cb7f5cf98d465d6c2e15e9348d48","{""TOKAU"":""3000000"",""BUSD"":""0"",""BUSD-T"":""0""}","{""hit4"":0,""hit3"":0,""hit2"":0,""hit1"":0,""hit0"":1}",0
"0xbab037c3d14f8184ca1eb09553d692822c699267","{""TOKAU"":""3000000"",""BUSD"":""0"",""BUSD-T"":""0""}","{""hit4"":0,""hit3"":0,""hit2"":0,""hit1"":0,""hit0"":1}",0
"0x45fcdd7b2c4ff844be13286d867d0865e0285a03","{""TOKAU"":""3000000"",""BUSD"":""0"",""BUSD-T"":""0""}","{""hit4"":0,""hit3"":0,""hit2"":0,""hit1"":0,""hit0"":1}",0
"0x8620b0158c79775234ab92005c32adf421a416d5","{""TOKAU"":""8000000"",""BUSD"":""0"",""BUSD-T"":""0""}","{""hit4"":0,""hit3"":0,""hit2"":0,""hit1"":0,""hit0"":2}",0
"0x2c47a4b6045eaeff6f2e049a55507183d7f79f4f","{""TOKAU"":""3000000"",""BUSD"":""0"",""BUSD-T"":""0""}","{""hit4"":0,""hit3"":0,""hit2"":0,""hit1"":0,""hit0"":1}",0
"0x3bbcf687609cf6f486883bad408a45558cc65502","{""TOKAU"":""0"",""BUSD"":""0"",""BUSD-T"":""1""}","{""hit4"":0,""hit3"":0,""hit2"":0,""hit1"":0,""hit0"":1}",0
"0x10d6e8f82554c3d45aa145adc12af020c0855c38","{""TOKAU"":""0"",""BUSD"":""0"",""BUSD-T"":""1""}","{""hit4"":0,""hit3"":0,""hit2"":0,""hit1"":0,""hit0"":1}",0
"0x01d80f288940bb288ad6287de5019f61cc13ef5b","{""TOKAU"":""0"",""BUSD"":""0"",""BUSD-T"":""1""}","{""hit4"":0,""hit3"":0,""hit2"":0,""hit1"":0,""hit0"":1}",0
"0xb789d6b61f3799f71d4e0c8c106f63f64e5eadb3","{""TOKAU"":""3000000"",""BUSD"":""0"",""BUSD-T"":""0""}","{""hit4"":0,""hit3"":0,""hit2"":0,""hit1"":0,""hit0"":1}",0
"0xbfe99ce9d2a2f3680fe22f1a38fa2efd5f955d4b","{""TOKAU"":""3000000"",""BUSD"":""0"",""BUSD-T"":""0""}","{""hit4"":0,""hit3"":0,""hit2"":0,""hit1"":0,""hit0"":1}",0
"0xf4716dac374934e28bfc1703b619182035a46895","{""TOKAU"":""3000000"",""BUSD"":""0"",""BUSD-T"":""0""}","{""hit4"":0,""hit3"":0,""hit2"":0,""hit1"":0,""hit0"":1}",0
"0x45758c4cfb768e32677ef1d022e9f28ac718b867","{""TOKAU"":""0"",""BUSD"":""0"",""BUSD-T"":""2""}","{""hit4"":0,""hit3"":0,""hit2"":0,""hit1"":0,""hit0"":2}",0
"0x93b87896eac518d69782a506656a0f0c27206abf","{""TOKAU"":""3000000"",""BUSD"":""0"",""BUSD-T"":""0""}","{""hit4"":0,""hit3"":0,""hit2"":0,""hit1"":0,""hit0"":1}",0
"0xc372f67e38576d1000e53836604fa99c7c8eea89","{""TOKAU"":""3000"",""BUSD"":""0"",""BUSD-T"":""0""}","{""hit4"":0,""hit3"":0,""hit2"":0,""hit1"":0,""hit0"":0}",0
"0xf17a24380d07fb26982374b2e06d20426d139af0","{""TOKAU"":""0"",""BUSD"":""0"",""BUSD-T"":""1""}","{""hit4"":0,""hit3"":0,""hit2"":0,""hit1"":0,""hit0"":1}",0
"0xde06849b9b3f3894af8198a26293f45f1b25f28d","{""TOKAU"":""0"",""BUSD"":""0"",""BUSD-T"":""1""}","{""hit4"":0,""hit3"":0,""hit2"":0,""hit1"":0,""hit0"":1}",0
"0x2cd209e1c9ebf3d53ecd6afefbdd8d599376f466","{""TOKAU"":""0"",""BUSD"":""0"",""BUSD-T"":""1""}","{""hit4"":0,""hit3"":0,""hit2"":0,""hit1"":0,""hit0"":1}",0
"0x021699aaf005dabd166bf803c65fc90529fcff4a","{""TOKAU"":""0"",""BUSD"":""0"",""BUSD-T"":""1""}","{""hit4"":0,""hit3"":0,""hit2"":0,""hit1"":0,""hit0"":1}",0
"0x9adf59928200ef7a0cae83594df6d9a15a971164","{""TOKAU"":""0"",""BUSD"":""0"",""BUSD-T"":""1""}","{""hit4"":0,""hit3"":0,""hit2"":0,""hit1"":0,""hit0"":1}",0
"0xb2889ce37e0386a5818479052f6f42f468cb9e91","{""TOKAU"":""0"",""BUSD"":""0"",""BUSD-T"":""1""}","{""hit4"":0,""hit3"":0,""hit2"":0,""hit1"":0,""hit0"":1}",0
"0x240fea389350a490acfadb78fade363c69be3996","{""TOKAU"":""3000000"",""BUSD"":""0"",""BUSD-T"":""0""}","{""hit4"":0,""hit3"":0,""hit2"":0,""hit1"":0,""hit0"":1}",0
"0x28a10425233b345a881ebc68f568a60607cd53b3","{""TOKAU"":""1000"",""BUSD"":""0"",""BUSD-T"":""0""}","{""hit4"":0,""hit3"":0,""hit2"":0,""hit1"":0,""hit0"":0}",0
"0x3a05b7cb3c9fb1d1871b7448a902160a9adb0df3","{""TOKAU"":""0"",""BUSD"":""1"",""BUSD-T"":""0""}","{""hit4"":0,""hit3"":0,""hit2"":0,""hit1"":0,""hit0"":1}",0
"0x8afbd963d7dd8b2acfe73ad2e0734ce9b5c9ce84","{""TOKAU"":""0"",""BUSD"":""0"",""BUSD-T"":""1""}","{""hit4"":0,""hit3"":0,""hit2"":0,""hit1"":0,""hit0"":1}",0
"0x5a45fa1d4ffc1428dc50f9df6fd1643f1012a39d","{""TOKAU"":""0"",""BUSD"":""0"",""BUSD-T"":""1""}","{""hit4"":0,""hit3"":0,""hit2"":0,""hit1"":0,""hit0"":1}",0
"0xfa004dfbc279db201cd229a5f2a1de8535831670","{""TOKAU"":""0"",""BUSD"":""0"",""BUSD-T"":""1""}","{""hit4"":0,""hit3"":0,""hit2"":0,""hit1"":0,""hit0"":1}",0
"0x7d015a194052c4b0086ada7d798facccc1150663","{""TOKAU"":""0"",""BUSD"":""0"",""BUSD-T"":""1""}","{""hit4"":0,""hit3"":0,""hit2"":0,""hit1"":0,""hit0"":1}",0
"0x3951c5331216b4bccf2afab7ae35f5347e7777ae","{""TOKAU"":""0"",""BUSD"":""0"",""BUSD-T"":""1""}","{""hit4"":0,""hit3"":0,""hit2"":0,""hit1"":0,""hit0"":1}",0
"0x75ca0f3bf51fea15fd3fa38a71b8b165de5bc781","{""TOKAU"":""3000000"",""BUSD"":""0"",""BUSD-T"":""0""}","{""hit4"":0,""hit3"":0,""hit2"":0,""hit1"":0,""hit0"":1}",0
"0xf11a3703226a02825f23a02c1b3663be8fc46060","{""TOKAU"":""0"",""BUSD"":""0"",""BUSD-T"":""1""}","{""hit4"":0,""hit3"":0,""hit2"":0,""hit1"":0,""hit0"":1}",0
"0xdb303e09470957f72bc7538ad185d94cc71d8aba","{""TOKAU"":""3333333"",""BUSD"":""0"",""BUSD-T"":""0""}","{""hit4"":0,""hit3"":0,""hit2"":0,""hit1"":0,""hit0"":1}",0
"0x12c8772a9ceec31f97e956cdc50926301048165a","{""TOKAU"":""3000000"",""BUSD"":""0"",""BUSD-T"":""0""}","{""hit4"":0,""hit3"":0,""hit2"":0,""hit1"":0,""hit0"":1}",0
"0xb29b11222e700cd13bf5a546d1c61f37bc0a4d8f","{""TOKAU"":""0"",""BUSD"":""0"",""BUSD-T"":""1""}","{""hit4"":0,""hit3"":0,""hit2"":0,""hit1"":0,""hit0"":1}",0
"0xee1d87575ea38fe926d0cb2bfebdb4b14cf6a321","{""TOKAU"":""0"",""BUSD"":""0"",""BUSD-T"":""1""}","{""hit4"":0,""hit3"":0,""hit2"":0,""hit1"":0,""hit0"":1}",0
"0xbb8901dfc45d25eb6f4ffe1bcef6fff527881313","{""TOKAU"":""0"",""BUSD"":""0"",""BUSD-T"":""2""}","{""hit4"":0,""hit3"":0,""hit2"":0,""hit1"":0,""hit0"":2}",0
"0x5ffba6f8a7641f6c75b9ba82e01ac76268b2f420","{""TOKAU"":""0"",""BUSD"":""0"",""BUSD-T"":""1""}","{""hit4"":0,""hit3"":0,""hit2"":0,""hit1"":0,""hit0"":1}",0
"0xbcfbf4b14f0e1447627b5852a79dc8da2083cdd3","{""TOKAU"":""3000000"",""BUSD"":""0"",""BUSD-T"":""0""}","{""hit4"":0,""hit3"":0,""hit2"":0,""hit1"":0,""hit0"":1}",0
"0x26f8c948a182562293b413ab3ff27ef857a2ff89","{""TOKAU"":""3000000"",""BUSD"":""0"",""BUSD-T"":""0""}","{""hit4"":0,""hit3"":0,""hit2"":0,""hit1"":0,""hit0"":1}",0
"0xc89c9b91664d64301417cc159c7059eca7862aa8","{""TOKAU"":""3000000"",""BUSD"":""0"",""BUSD-T"":""0""}","{""hit4"":0,""hit3"":0,""hit2"":0,""hit1"":0,""hit0"":1}",0
"0xcab52e7fea809546a4237cdcf9839fdfbc17428a","{""TOKAU"":""0"",""BUSD"":""0"",""BUSD-T"":""1""}","{""hit4"":0,""hit3"":0,""hit2"":0,""hit1"":0,""hit0"":1}",0
"0x3c2f9431d8abae8d50abc0319461ab206de1f5ba","{""TOKAU"":""3000000"",""BUSD"":""0"",""BUSD-T"":""0""}","{""hit4"":0,""hit3"":0,""hit2"":0,""hit1"":0,""hit0"":1}",0
"0xd9dc4e00b8a8cce9047ba27d1f00e714bddcbea4","{""TOKAU"":""3000011"",""BUSD"":""0"",""BUSD-T"":""0""}","{""hit4"":0,""hit3"":0,""hit2"":0,""hit1"":0,""hit0"":1}",0
"0x917763074344ab84e510ee472fbed616f6881ff2","{""TOKAU"":""0"",""BUSD"":""0"",""BUSD-T"":""1""}","{""hit4"":0,""hit3"":0,""hit2"":0,""hit1"":0,""hit0"":1}",0
"0xefb7214c8d9499dd7012691e6f82858f4ea789d8","{""TOKAU"":""3000000"",""BUSD"":""0"",""BUSD-T"":""0""}","{""hit4"":0,""hit3"":0,""hit2"":0,""hit1"":0,""hit0"":1}",0
"0x6b9a34df17f25ecd4c42ad0a94a7b4068739dcdf","{""TOKAU"":""3000000"",""BUSD"":""0"",""BUSD-T"":""0""}","{""hit4"":0,""hit3"":0,""hit2"":0,""hit1"":0,""hit0"":1}",0
"0x4f5c3afc28f7533c2c1c10506c0341f800a3bac7","{""TOKAU"":""0"",""BUSD"":""0"",""BUSD-T"":""1""}","{""hit4"":0,""hit3"":0,""hit2"":0,""hit1"":0,""hit0"":1}",0
"0xd3bb65dfa011e059562ad0daf779370bc2a94e11","{""TOKAU"":""3050000"",""BUSD"":""0"",""BUSD-T"":""0""}","{""hit4"":0,""hit3"":0,""hit2"":0,""hit1"":0,""hit0"":1}",0
"0x0f94a225b5ccabbfb0ec07ecc0141e2e4a73b5e5","{""TOKAU"":""3000000"",""BUSD"":""0"",""BUSD-T"":""0""}","{""hit4"":0,""hit3"":0,""hit2"":0,""hit1"":0,""hit0"":1}",0
"0x8d4df3c68030ac06299c8be6f732082d990ea293","{""TOKAU"":""3000000"",""BUSD"":""0"",""BUSD-T"":""0""}","{""hit4"":0,""hit3"":0,""hit2"":0,""hit1"":0,""hit0"":1}",0
"0x30c388db8ad4be16523a9ea7ce307f5752d81d97","{""TOKAU"":""3050000"",""BUSD"":""0"",""BUSD-T"":""0""}","{""hit4"":0,""hit3"":0,""hit2"":0,""hit1"":0,""hit0"":1}",0
"0xf6185a243dc949b9dc64d799c66cf2f95f200582","{""TOKAU"":""3050000"",""BUSD"":""0"",""BUSD-T"":""0""}","{""hit4"":0,""hit3"":0,""hit2"":0,""hit1"":0,""hit0"":1}",0
"0xc15c6e61b2817f6e8ea62a4fbe0bba6c589913e6","{""TOKAU"":""0"",""BUSD"":""0"",""BUSD-T"":""1""}","{""hit4"":0,""hit3"":0,""hit2"":0,""hit1"":0,""hit0"":1}",0
"0x311b579d82d21a2a0761f55d18fe6b18ee778e44","{""TOKAU"":""3050000"",""BUSD"":""0"",""BUSD-T"":""0""}","{""hit4"":0,""hit3"":0,""hit2"":0,""hit1"":0,""hit0"":1}",0
"0xd4c208025a05ec7f33a6d163240ce5de68b3c547","{""TOKAU"":""3000000"",""BUSD"":""0"",""BUSD-T"":""0""}","{""hit4"":0,""hit3"":0,""hit2"":0,""hit1"":0,""hit0"":1}",0
"0x4e94c479ebb8ab1cf94309811be6de11c0301755","{""TOKAU"":""3050000"",""BUSD"":""0"",""BUSD-T"":""0""}","{""hit4"":0,""hit3"":0,""hit2"":0,""hit1"":0,""hit0"":1}",0
"0x1e37d7fd736831f5e0d9ad9b07f60a480ffaffa4","{""TOKAU"":""3050000"",""BUSD"":""0"",""BUSD-T"":""0""}","{""hit4"":0,""hit3"":0,""hit2"":0,""hit1"":0,""hit0"":1}",0
"0x6e4164f5caf7dd06a23f4b496543d2c94b4b7a34","{""TOKAU"":""3000000"",""BUSD"":""0"",""BUSD-T"":""0""}","{""hit4"":0,""hit3"":0,""hit2"":0,""hit1"":0,""hit0"":1}",0
"0xe9a9036c096e77e0e55f8668e16a82e635b0be09","{""TOKAU"":""3000000"",""BUSD"":""0"",""BUSD-T"":""0""}","{""hit4"":0,""hit3"":0,""hit2"":0,""hit1"":0,""hit0"":1}",0
"0x89a5016bcf386a678998b31ad310376fe3bdac77","{""TOKAU"":""0"",""BUSD"":""0"",""BUSD-T"":""1""}","{""hit4"":0,""hit3"":0,""hit2"":0,""hit1"":0,""hit0"":1}",0
"0xa2611ca5b8cd0d04e535c8eb0c0235a414d46d19","{""TOKAU"":""0"",""BUSD"":""0"",""BUSD-T"":""1""}","{""hit4"":0,""hit3"":0,""hit2"":0,""hit1"":0,""hit0"":1}",0
"0x5a66c924ac00668983025ad585796d0d0458399e","{""TOKAU"":""3000000"",""BUSD"":""0"",""BUSD-T"":""0""}","{""hit4"":0,""hit3"":0,""hit2"":0,""hit1"":0,""hit0"":1}",0
"0x27c009fc6843f0d2e6b6bc25cfcefb6beef78862","{""TOKAU"":""2000000"",""BUSD"":""0"",""BUSD-T"":""0""}","{""hit4"":0,""hit3"":0,""hit2"":0,""hit1"":0,""hit0"":0}",0
"0xdb964f20255c8b52c3dfecb8cd87653431885f7d","{""TOKAU"":""0"",""BUSD"":""0"",""BUSD-T"":""1""}","{""hit4"":0,""hit3"":0,""hit2"":0,""hit1"":0,""hit0"":1}",0
"0xfc057ff148321e4babb8eb3a59ae755f923cf579","{""TOKAU"":""0"",""BUSD"":""0"",""BUSD-T"":""1""}","{""hit4"":0,""hit3"":0,""hit2"":0,""hit1"":0,""hit0"":1}",0
"0xdcef0be5b315c5b7dc00fd971fa0002b8b270d84","{""TOKAU"":""0"",""BUSD"":""0"",""BUSD-T"":""1""}","{""hit4"":0,""hit3"":0,""hit2"":0,""hit1"":0,""hit0"":1}",0
"0x9c698cf65895862de359c9fd6f20c03f122112e3","{""TOKAU"":""0"",""BUSD"":""0"",""BUSD-T"":""1""}","{""hit4"":0,""hit3"":0,""hit2"":0,""hit1"":0,""hit0"":1}",0
"0xafec24733f5bd033ef13c71a9d8d3bf48eea980a","{""TOKAU"":""0"",""BUSD"":""0"",""BUSD-T"":""1""}","{""hit4"":0,""hit3"":0,""hit2"":0,""hit1"":0,""hit0"":1}",0
"0x50ebecdc7c1fb690df3af52183b4160574bb97e8","{""TOKAU"":""0"",""BUSD"":""0"",""BUSD-T"":""1""}","{""hit4"":0,""hit3"":0,""hit2"":0,""hit1"":0,""hit0"":1}",0
"0xce6c3e6c80c9b7bf18e73f0023dec52293a2a0b7","{""TOKAU"":""3816164"",""BUSD"":""0"",""BUSD-T"":""0""}","{""hit4"":0,""hit3"":0,""hit2"":0,""hit1"":0,""hit0"":1}",0
"0x93258adc47cf77d85585a0bfc215c582da6b6e92","{""TOKAU"":""3050000"",""BUSD"":""0"",""BUSD-T"":""0""}","{""hit4"":0,""hit3"":0,""hit2"":0,""hit1"":0,""hit0"":1}",0
"0x483f18a004b3809ec8bcccbaec575d8bf8ba7921","{""TOKAU"":""3000000"",""BUSD"":""0"",""BUSD-T"":""0""}","{""hit4"":0,""hit3"":0,""hit2"":0,""hit1"":0,""hit0"":1}",0
"0x1fa692c46cbd0d4bec6147618f0631bef209507c","{""TOKAU"":""3000000"",""BUSD"":""0"",""BUSD-T"":""0""}","{""hit4"":0,""hit3"":0,""hit2"":0,""hit1"":0,""hit0"":1}",0
"0xcd8aeeb9069cefa8fd166cdda0a06b1b472cd4af","{""TOKAU"":""3000000"",""BUSD"":""0"",""BUSD-T"":""0""}","{""hit4"":0,""hit3"":0,""hit2"":0,""hit1"":0,""hit0"":1}",0
"0xf0c5b2996aac8a2249937c1426b69b17d7f6fccf","{""TOKAU"":""3000000"",""BUSD"":""0"",""BUSD-T"":""0""}","{""hit4"":0,""hit3"":0,""hit2"":0,""hit1"":0,""hit0"":1}",0
"0x5f6a66a4d8f9872760e4a17ca86302c058512024","{""TOKAU"":""3000000"",""BUSD"":""0"",""BUSD-T"":""0""}","{""hit4"":0,""hit3"":0,""hit2"":0,""hit1"":0,""hit0"":1}",0
"0x1c67560b594d503c27294523c63a663fddf1e2ea","{""TOKAU"":""3000000"",""BUSD"":""0"",""BUSD-T"":""0""}","{""hit4"":0,""hit3"":0,""hit2"":0,""hit1"":0,""hit0"":1}",0
"0x91122cb0e08a1b5855280e0748a7f71706a9a8aa","{""TOKAU"":""3000000"",""BUSD"":""0"",""BUSD-T"":""0""}","{""hit4"":0,""hit3"":0,""hit2"":0,""hit1"":0,""hit0"":1}",0
"0xf72890f8b905a111f9556cb3718d1c740469881a","{""TOKAU"":""3000000"",""BUSD"":""0"",""BUSD-T"":""0""}","{""hit4"":0,""hit3"":0,""hit2"":0,""hit1"":0,""hit0"":1}",0
"0x89286355176081b03654a05d18d545c99aebb340","{""TOKAU"":""3000000"",""BUSD"":""0"",""BUSD-T"":""0""}","{""hit4"":0,""hit3"":0,""hit2"":0,""hit1"":0,""hit0"":1}",0
"0x4088c9e08a516e4b300e1af7c867747c5f435327","{""TOKAU"":""3000000"",""BUSD"":""0"",""BUSD-T"":""0""}","{""hit4"":0,""hit3"":0,""hit2"":0,""hit1"":0,""hit0"":1}",0
"0xee984044c5d924fec777c947bdeb7b124b195483","{""TOKAU"":""3000000"",""BUSD"":""0"",""BUSD-T"":""0""}","{""hit4"":0,""hit3"":0,""hit2"":0,""hit1"":0,""hit0"":1}",0
"0xa8db53d76f543faf5f0a371383d0ee15de754e9d","{""TOKAU"":""3000000"",""BUSD"":""0"",""BUSD-T"":""0""}","{""hit4"":0,""hit3"":0,""hit2"":0,""hit1"":0,""hit0"":1}",0
"0x8fef42f9ff27f48d80715cf72b0151aebfa17515","{""TOKAU"":""3000000"",""BUSD"":""0"",""BUSD-T"":""0""}","{""hit4"":0,""hit3"":0,""hit2"":0,""hit1"":0,""hit0"":1}",0
"0x96c139fa93a5ba7dc2edf4be3f874501a9ad3f0b","{""TOKAU"":""3000000"",""BUSD"":""0"",""BUSD-T"":""0""}","{""hit4"":0,""hit3"":0,""hit2"":0,""hit1"":0,""hit0"":1}",0
"0x9ac84cbe1e13c3a9bb7f97cfcd148bdba6824fb3","{""TOKAU"":""3000000"",""BUSD"":""0"",""BUSD-T"":""0""}","{""hit4"":0,""hit3"":0,""hit2"":0,""hit1"":0,""hit0"":1}",0
"0xcbfa5b75581d19a10c5d6539e43d2b0dcfc75d07","{""TOKAU"":""3000000"",""BUSD"":""0"",""BUSD-T"":""0""}","{""hit4"":0,""hit3"":0,""hit2"":0,""hit1"":0,""hit0"":1}",0
"0xd9867fb05bdb69e48dc90c83c52bd34bbb6a27d1","{""TOKAU"":""3000000"",""BUSD"":""0"",""BUSD-T"":""0""}","{""hit4"":0,""hit3"":0,""hit2"":0,""hit1"":0,""hit0"":1}",0
"0x9869ca84c54b2b40c2c53f71d6935bd47236e77e","{""TOKAU"":""3000000"",""BUSD"":""0"",""BUSD-T"":""0""}","{""hit4"":0,""hit3"":0,""hit2"":0,""hit1"":0,""hit0"":1}",0
"0x197eaef2f7fc78d521e418fa9115774b3211906f","{""TOKAU"":""3000000"",""BUSD"":""0"",""BUSD-T"":""0""}","{""hit4"":0,""hit3"":0,""hit2"":0,""hit1"":0,""hit0"":1}",0
"0x44242f750193ca4b73af1d230abe60fe065bd2ba","{""TOKAU"":""3000000"",""BUSD"":""0"",""BUSD-T"":""0""}","{""hit4"":0,""hit3"":0,""hit2"":0,""hit1"":0,""hit0"":1}",0
"0x011900c0d5e410c883166b2d881b15bb25559174","{""TOKAU"":""3000000"",""BUSD"":""0"",""BUSD-T"":""0""}","{""hit4"":0,""hit3"":0,""hit2"":0,""hit1"":0,""hit0"":1}",0
"0x4928ea77c37fa397cb0a3b61ca0377c9e86a9c35","{""TOKAU"":""3000000"",""BUSD"":""0"",""BUSD-T"":""0""}","{""hit4"":0,""hit3"":0,""hit2"":0,""hit1"":0,""hit0"":1}",0
"0xd6ddd34efe67ef8070317cc0e91ca3d959d2e486","{""TOKAU"":""3000000"",""BUSD"":""0"",""BUSD-T"":""0""}","{""hit4"":0,""hit3"":0,""hit2"":0,""hit1"":0,""hit0"":1}",0
"0xd9f7faa95739e7e595179009c9976013daa7e181","{""TOKAU"":""9000000"",""BUSD"":""0"",""BUSD-T"":""0""}","{""hit4"":0,""hit3"":0,""hit2"":0,""hit1"":0,""hit0"":3}",0
"0xa7cc736d5d3ed719ec59acb36ddadab708f34f04","{""TOKAU"":""3000000"",""BUSD"":""0"",""BUSD-T"":""0""}","{""hit4"":0,""hit3"":0,""hit2"":0,""hit1"":0,""hit0"":1}",0
"0xdd984d799fbbe008480c66e19b8546600b0eb6bf","{""TOKAU"":""3000000"",""BUSD"":""0"",""BUSD-T"":""0""}","{""hit4"":0,""hit3"":0,""hit2"":0,""hit1"":0,""hit0"":1}",0
"0xffcdfaaae7642158e1bd005d4df8f42099f79a46","{""TOKAU"":""3050000"",""BUSD"":""0"",""BUSD-T"":""0""}","{""hit4"":0,""hit3"":0,""hit2"":0,""hit1"":0,""hit0"":1}",0
"0xd26bee0d1a7b982c9609593bcd0c4db753f1e7b1","{""TOKAU"":""3000000"",""BUSD"":""0"",""BUSD-T"":""0""}","{""hit4"":0,""hit3"":0,""hit2"":0,""hit1"":0,""hit0"":1}",0
"0xef91d746a1f0c27aacac64a62edd73999a3246ce","{""TOKAU"":""3000000"",""BUSD"":""0"",""BUSD-T"":""0""}","{""hit4"":0,""hit3"":0,""hit2"":0,""hit1"":0,""hit0"":1}",0
"0xdd094dd7b2a499bfb59be0b57e514ef6f1b51f2f","{""TOKAU"":""3000000"",""BUSD"":""0"",""BUSD-T"":""0""}","{""hit4"":0,""hit3"":0,""hit2"":0,""hit1"":0,""hit0"":1}",0
"0xdf0028ad048df25d93aaf6210ad9d2fe4b4c1917","{""TOKAU"":""3000000"",""BUSD"":""0"",""BUSD-T"":""0""}","{""hit4"":0,""hit3"":0,""hit2"":0,""hit1"":0,""hit0"":1}",0
"0x1ef108151302946229c9a961245a4d6b71d154f4","{""TOKAU"":""3000000"",""BUSD"":""0"",""BUSD-T"":""0""}","{""hit4"":0,""hit3"":0,""hit2"":0,""hit1"":0,""hit0"":1}",0
"0xcf93be3e9ee15b8e63c27d5a92c9f784a3febee3","{""TOKAU"":""3000000"",""BUSD"":""0"",""BUSD-T"":""0""}","{""hit4"":0,""hit3"":0,""hit2"":0,""hit1"":0,""hit0"":1}",0
"0x0317b8a05094d2d45bbf4a56775ae20e908daf4f","{""TOKAU"":""3000000"",""BUSD"":""0"",""BUSD-T"":""0""}","{""hit4"":0,""hit3"":0,""hit2"":0,""hit1"":0,""hit0"":1}",0
"0x38eae3f7a279a90e15f4821efa7bbc541b0761d1","{""TOKAU"":""3000000"",""BUSD"":""0"",""BUSD-T"":""0""}","{""hit4"":0,""hit3"":0,""hit2"":0,""hit1"":0,""hit0"":1}",0
"0xcc03106530694b5b4f32d97d93dc84ffeb744a20","{""TOKAU"":""3000000"",""BUSD"":""0"",""BUSD-T"":""0""}","{""hit4"":0,""hit3"":0,""hit2"":0,""hit1"":0,""hit0"":1}",0
"0x8821549d9ceff40bc426951790425ad0746bc079","{""TOKAU"":""3000000"",""BUSD"":""0"",""BUSD-T"":""0""}","{""hit4"":0,""hit3"":0,""hit2"":0,""hit1"":0,""hit0"":1}",0
"0xde746962e40d9e75989432636eda5ca902f199d2","{""TOKAU"":""3000000"",""BUSD"":""0"",""BUSD-T"":""0""}","{""hit4"":0,""hit3"":0,""hit2"":0,""hit1"":0,""hit0"":1}",0
"0x8070df98a7861b2c825fbfbeebcfefc418afc9bc","{""TOKAU"":""3000000"",""BUSD"":""0"",""BUSD-T"":""0""}","{""hit4"":0,""hit3"":0,""hit2"":0,""hit1"":0,""hit0"":1}",0
"0x08c235c36eeac2aebf344c6542a7e0b715eb6c23","{""TOKAU"":""3000000"",""BUSD"":""0"",""BUSD-T"":""0""}","{""hit4"":0,""hit3"":0,""hit2"":0,""hit1"":0,""hit0"":1}",0
"0x2a53680af5cb019422f2ecf2966e11fa881781a3","{""TOKAU"":""3000000"",""BUSD"":""0"",""BUSD-T"":""0""}","{""hit4"":0,""hit3"":0,""hit2"":0,""hit1"":0,""hit0"":1}",0
"0x5e6b003529e528801239981f72737bfef8a6eb0f","{""TOKAU"":""3000000"",""BUSD"":""0"",""BUSD-T"":""0""}","{""hit4"":0,""hit3"":0,""hit2"":0,""hit1"":0,""hit0"":1}",0
"0x22068ea159b2b00b554e5b9a5838344a9c740f16","{""TOKAU"":""3000000"",""BUSD"":""0"",""BUSD-T"":""0""}","{""hit4"":0,""hit3"":0,""hit2"":0,""hit1"":0,""hit0"":1}",0
"0xfae3ad4576aa9273142622d908a85b218421fd0f","{""TOKAU"":""3000000"",""BUSD"":""0"",""BUSD-T"":""0""}","{""hit4"":0,""hit3"":0,""hit2"":0,""hit1"":0,""hit0"":1}",0
"0x0588cdcebfa535e54e949a93c7de74cb879d7202","{""TOKAU"":""3000000"",""BUSD"":""0"",""BUSD-T"":""0""}","{""hit4"":0,""hit3"":0,""hit2"":0,""hit1"":0,""hit0"":1}",0
"0xa64c526cb93de8895102531a6cb1dc7b312c03cf","{""TOKAU"":""3000000"",""BUSD"":""0"",""BUSD-T"":""0""}","{""hit4"":0,""hit3"":0,""hit2"":0,""hit1"":0,""hit0"":1}",0
"0xa5efc4557b5fd59ffaa2fd8803ef5c97447062f1","{""TOKAU"":""3000000"",""BUSD"":""0"",""BUSD-T"":""0""}","{""hit4"":0,""hit3"":0,""hit2"":0,""hit1"":0,""hit0"":1}",0